[{"model": "admin.logentry", "pk": 51, "fields": {"action_time": "2023-01-27T20:42:31.540Z", "user": 2, "content_type": 4, "object_id": "1", "object_repr": "nicolas96", "action_flag": 3, "change_message": ""}}, {"model": "admin.logentry", "pk": 52, "fields": {"action_time": "2023-01-27T20:42:43.203Z", "user": 2, "content_type": 4, "object_id": "2", "object_repr": "admin", "action_flag": 2, "change_message": "[]"}}, {"model": "admin.logentry", "pk": 53, "fields": {"action_time": "2023-01-27T20:44:36.536Z", "user": 2, "content_type": 4, "object_id": "2", "object_repr": "admin", "action_flag": 2, "change_message": "[]"}}, {"model": "admin.logentry", "pk": 54, "fields": {"action_time": "2023-01-28T00:44:14.009Z", "user": 2, "content_type": 16, "object_id": "39", "object_repr": "915FC5E4872340DDBC56EE77E52AFD30", "action_flag": 2, "change_message": "[]"}}, {"model": "admin.logentry", "pk": 55, "fields": {"action_time": "2023-01-28T19:15:41.444Z", "user": 2, "content_type": 16, "object_id": "62", "object_repr": "EC196DA8A1BF4122AB292CBD7149EEEC", "action_flag": 2, "change_message": "[]"}}, {"model": "admin.logentry", "pk": 56, "fields": {"action_time": "2023-01-29T12:14:41.788Z", "user": 2, "content_type": 14, "object_id": "17", "object_repr": "545445", "action_flag": 3, "change_message": ""}}, {"model": "admin.logentry", "pk": 57, "fields": {"action_time": "2023-01-29T12:22:02.432Z", "user": 2, "content_type": 14, "object_id": "2", "object_repr": "100% Whey Protein Powder - 450g", "action_flag": 2, "change_message": "[{\"changed\": {\"fields\": [\"Name\", \"Description\", \"Price\", \"Image url\", \"Image\"]}}]"}}, {"model": "admin.logentry", "pk": 58, "fields": {"action_time": "2023-01-29T14:49:48.725Z", "user": 2, "content_type": 20, "object_id": "1", "object_repr": "Why are the Powder Proteins Importan", "action_flag": 1, "change_message": "[{\"added\": {}}]"}}, {"model": "admin.logentry", "pk": 59, "fields": {"action_time": "2023-01-29T16:28:25.797Z", "user": 2, "content_type": 20, "object_id": "1", "object_repr": "Protein Powder", "action_flag": 2, "change_message": "[{\"changed\": {\"fields\": [\"Title\"]}}]"}}, {"model": "admin.logentry", "pk": 60, "fields": {"action_time": "2023-01-29T16:32:13.329Z", "user": 2, "content_type": 21, "object_id": "2", "object_repr": "Comment object (2)", "action_flag": 2, "change_message": "[{\"changed\": {\"fields\": [\"Approved\"]}}]"}}, {"model": "admin.logentry", "pk": 61, "fields": {"action_time": "2023-01-29T16:47:48.213Z", "user": 2, "content_type": 20, "object_id": "2", "object_repr": "Weight Training Benefits", "action_flag": 1, "change_message": "[{\"added\": {}}]"}}, {"model": "admin.logentry", "pk": 62, "fields": {"action_time": "2023-01-29T16:53:22.495Z", "user": 2, "content_type": 20, "object_id": "2", "object_repr": "Weight Training Benefits", "action_flag": 2, "change_message": "[{\"changed\": {\"fields\": [\"Featured image\"]}}]"}}, {"model": "admin.logentry", "pk": 63, "fields": {"action_time": "2023-01-29T17:16:53.755Z", "user": 2, "content_type": 21, "object_id": "1", "object_repr": "Comment object (1)", "action_flag": 2, "change_message": "[{\"changed\": {\"fields\": [\"Approved\"]}}]"}}, {"model": "admin.logentry", "pk": 64, "fields": {"action_time": "2023-01-29T18:30:47.811Z", "user": 2, "content_type": 20, "object_id": "2", "object_repr": "Weight Training Benefits", "action_flag": 2, "change_message": "[{\"changed\": {\"fields\": [\"Content\"]}}]"}}, {"model": "admin.logentry", "pk": 65, "fields": {"action_time": "2023-01-29T18:31:33.732Z", "user": 2, "content_type": 20, "object_id": "2", "object_repr": "Weight Training Benefits", "action_flag": 2, "change_message": "[{\"changed\": {\"fields\": [\"Content\"]}}]"}}, {"model": "admin.logentry", "pk": 66, "fields": {"action_time": "2023-01-29T18:41:21.214Z", "user": 2, "content_type": 20, "object_id": "2", "object_repr": "Weight Training Benefits", "action_flag": 2, "change_message": "[{\"changed\": {\"fields\": [\"Content\"]}}]"}}, {"model": "admin.logentry", "pk": 67, "fields": {"action_time": "2023-01-29T19:15:26.825Z", "user": 2, "content_type": 22, "object_id": "2", "object_repr": "Test", "action_flag": 2, "change_message": "[]"}}, {"model": "auth.permission", "pk": 1, "fields": {"name": "Can add log entry", "content_type": 1, "codename": "add_logentry"}}, {"model": "auth.permission", "pk": 2, "fields": {"name": "Can change log entry", "content_type": 1, "codename": "change_logentry"}}, {"model": "auth.permission", "pk": 3, "fields": {"name": "Can delete log entry", "content_type": 1, "codename": "delete_logentry"}}, {"model": "auth.permission", "pk": 4, "fields": {"name": "Can view log entry", "content_type": 1, "codename": "view_logentry"}}, {"model": "auth.permission", "pk": 5, "fields": {"name": "Can add permission", "content_type": 2, "codename": "add_permission"}}, {"model": "auth.permission", "pk": 6, "fields": {"name": "Can change permission", "content_type": 2, "codename": "change_permission"}}, {"model": "auth.permission", "pk": 7, "fields": {"name": "Can delete permission", "content_type": 2, "codename": "delete_permission"}}, {"model": "auth.permission", "pk": 8, "fields": {"name": "Can view permission", "content_type": 2, "codename": "view_permission"}}, {"model": "auth.permission", "pk": 9, "fields": {"name": "Can add group", "content_type": 3, "codename": "add_group"}}, {"model": "auth.permission", "pk": 10, "fields": {"name": "Can change group", "content_type": 3, "codename": "change_group"}}, {"model": "auth.permission", "pk": 11, "fields": {"name": "Can delete group", "content_type": 3, "codename": "delete_group"}}, {"model": "auth.permission", "pk": 12, "fields": {"name": "Can view group", "content_type": 3, "codename": "view_group"}}, {"model": "auth.permission", "pk": 13, "fields": {"name": "Can add user", "content_type": 4, "codename": "add_user"}}, {"model": "auth.permission", "pk": 14, "fields": {"name": "Can change user", "content_type": 4, "codename": "change_user"}}, {"model": "auth.permission", "pk": 15, "fields": {"name": "Can delete user", "content_type": 4, "codename": "delete_user"}}, {"model": "auth.permission", "pk": 16, "fields": {"name": "Can view user", "content_type": 4, "codename": "view_user"}}, {"model": "auth.permission", "pk": 17, "fields": {"name": "Can add content type", "content_type": 5, "codename": "add_contenttype"}}, {"model": "auth.permission", "pk": 18, "fields": {"name": "Can change content type", "content_type": 5, "codename": "change_contenttype"}}, {"model": "auth.permission", "pk": 19, "fields": {"name": "Can delete content type", "content_type": 5, "codename": "delete_contenttype"}}, {"model": "auth.permission", "pk": 20, "fields": {"name": "Can view content type", "content_type": 5, "codename": "view_contenttype"}}, {"model": "auth.permission", "pk": 21, "fields": {"name": "Can add session", "content_type": 6, "codename": "add_session"}}, {"model": "auth.permission", "pk": 22, "fields": {"name": "Can change session", "content_type": 6, "codename": "change_session"}}, {"model": "auth.permission", "pk": 23, "fields": {"name": "Can delete session", "content_type": 6, "codename": "delete_session"}}, {"model": "auth.permission", "pk": 24, "fields": {"name": "Can view session", "content_type": 6, "codename": "view_session"}}, {"model": "auth.permission", "pk": 25, "fields": {"name": "Can add site", "content_type": 7, "codename": "add_site"}}, {"model": "auth.permission", "pk": 26, "fields": {"name": "Can change site", "content_type": 7, "codename": "change_site"}}, {"model": "auth.permission", "pk": 27, "fields": {"name": "Can delete site", "content_type": 7, "codename": "delete_site"}}, {"model": "auth.permission", "pk": 28, "fields": {"name": "Can view site", "content_type": 7, "codename": "view_site"}}, {"model": "auth.permission", "pk": 29, "fields": {"name": "Can add email address", "content_type": 8, "codename": "add_emailaddress"}}, {"model": "auth.permission", "pk": 30, "fields": {"name": "Can change email address", "content_type": 8, "codename": "change_emailaddress"}}, {"model": "auth.permission", "pk": 31, "fields": {"name": "Can delete email address", "content_type": 8, "codename": "delete_emailaddress"}}, {"model": "auth.permission", "pk": 32, "fields": {"name": "Can view email address", "content_type": 8, "codename": "view_emailaddress"}}, {"model": "auth.permission", "pk": 33, "fields": {"name": "Can add email confirmation", "content_type": 9, "codename": "add_emailconfirmation"}}, {"model": "auth.permission", "pk": 34, "fields": {"name": "Can change email confirmation", "content_type": 9, "codename": "change_emailconfirmation"}}, {"model": "auth.permission", "pk": 35, "fields": {"name": "Can delete email confirmation", "content_type": 9, "codename": "delete_emailconfirmation"}}, {"model": "auth.permission", "pk": 36, "fields": {"name": "Can view email confirmation", "content_type": 9, "codename": "view_emailconfirmation"}}, {"model": "auth.permission", "pk": 37, "fields": {"name": "Can add social account", "content_type": 10, "codename": "add_socialaccount"}}, {"model": "auth.permission", "pk": 38, "fields": {"name": "Can change social account", "content_type": 10, "codename": "change_socialaccount"}}, {"model": "auth.permission", "pk": 39, "fields": {"name": "Can delete social account", "content_type": 10, "codename": "delete_socialaccount"}}, {"model": "auth.permission", "pk": 40, "fields": {"name": "Can view social account", "content_type": 10, "codename": "view_socialaccount"}}, {"model": "auth.permission", "pk": 41, "fields": {"name": "Can add social application", "content_type": 11, "codename": "add_socialapp"}}, {"model": "auth.permission", "pk": 42, "fields": {"name": "Can change social application", "content_type": 11, "codename": "change_socialapp"}}, {"model": "auth.permission", "pk": 43, "fields": {"name": "Can delete social application", "content_type": 11, "codename": "delete_socialapp"}}, {"model": "auth.permission", "pk": 44, "fields": {"name": "Can view social application", "content_type": 11, "codename": "view_socialapp"}}, {"model": "auth.permission", "pk": 45, "fields": {"name": "Can add social application token", "content_type": 12, "codename": "add_socialtoken"}}, {"model": "auth.permission", "pk": 46, "fields": {"name": "Can change social application token", "content_type": 12, "codename": "change_socialtoken"}}, {"model": "auth.permission", "pk": 47, "fields": {"name": "Can delete social application token", "content_type": 12, "codename": "delete_socialtoken"}}, {"model": "auth.permission", "pk": 48, "fields": {"name": "Can view social application token", "content_type": 12, "codename": "view_socialtoken"}}, {"model": "auth.permission", "pk": 49, "fields": {"name": "Can add category", "content_type": 13, "codename": "add_category"}}, {"model": "auth.permission", "pk": 50, "fields": {"name": "Can change category", "content_type": 13, "codename": "change_category"}}, {"model": "auth.permission", "pk": 51, "fields": {"name": "Can delete category", "content_type": 13, "codename": "delete_category"}}, {"model": "auth.permission", "pk": 52, "fields": {"name": "Can view category", "content_type": 13, "codename": "view_category"}}, {"model": "auth.permission", "pk": 53, "fields": {"name": "Can add product", "content_type": 14, "codename": "add_product"}}, {"model": "auth.permission", "pk": 54, "fields": {"name": "Can change product", "content_type": 14, "codename": "change_product"}}, {"model": "auth.permission", "pk": 55, "fields": {"name": "Can delete product", "content_type": 14, "codename": "delete_product"}}, {"model": "auth.permission", "pk": 56, "fields": {"name": "Can view product", "content_type": 14, "codename": "view_product"}}, {"model": "auth.permission", "pk": 57, "fields": {"name": "Can add order line item", "content_type": 15, "codename": "add_orderlineitem"}}, {"model": "auth.permission", "pk": 58, "fields": {"name": "Can change order line item", "content_type": 15, "codename": "change_orderlineitem"}}, {"model": "auth.permission", "pk": 59, "fields": {"name": "Can delete order line item", "content_type": 15, "codename": "delete_orderlineitem"}}, {"model": "auth.permission", "pk": 60, "fields": {"name": "Can view order line item", "content_type": 15, "codename": "view_orderlineitem"}}, {"model": "auth.permission", "pk": 61, "fields": {"name": "Can add order", "content_type": 16, "codename": "add_order"}}, {"model": "auth.permission", "pk": 62, "fields": {"name": "Can change order", "content_type": 16, "codename": "change_order"}}, {"model": "auth.permission", "pk": 63, "fields": {"name": "Can delete order", "content_type": 16, "codename": "delete_order"}}, {"model": "auth.permission", "pk": 64, "fields": {"name": "Can view order", "content_type": 16, "codename": "view_order"}}, {"model": "auth.permission", "pk": 65, "fields": {"name": "Can add user profile", "content_type": 17, "codename": "add_userprofile"}}, {"model": "auth.permission", "pk": 66, "fields": {"name": "Can change user profile", "content_type": 17, "codename": "change_userprofile"}}, {"model": "auth.permission", "pk": 67, "fields": {"name": "Can delete user profile", "content_type": 17, "codename": "delete_userprofile"}}, {"model": "auth.permission", "pk": 68, "fields": {"name": "Can view user profile", "content_type": 17, "codename": "view_userprofile"}}, {"model": "auth.permission", "pk": 69, "fields": {"name": "Can add attachment", "content_type": 18, "codename": "add_attachment"}}, {"model": "auth.permission", "pk": 70, "fields": {"name": "Can change attachment", "content_type": 18, "codename": "change_attachment"}}, {"model": "auth.permission", "pk": 71, "fields": {"name": "Can delete attachment", "content_type": 18, "codename": "delete_attachment"}}, {"model": "auth.permission", "pk": 72, "fields": {"name": "Can view attachment", "content_type": 18, "codename": "view_attachment"}}, {"model": "auth.permission", "pk": 73, "fields": {"name": "Can add contact", "content_type": 19, "codename": "add_contact"}}, {"model": "auth.permission", "pk": 74, "fields": {"name": "Can change contact", "content_type": 19, "codename": "change_contact"}}, {"model": "auth.permission", "pk": 75, "fields": {"name": "Can delete contact", "content_type": 19, "codename": "delete_contact"}}, {"model": "auth.permission", "pk": 76, "fields": {"name": "Can view contact", "content_type": 19, "codename": "view_contact"}}, {"model": "auth.permission", "pk": 77, "fields": {"name": "Can add post", "content_type": 20, "codename": "add_post"}}, {"model": "auth.permission", "pk": 78, "fields": {"name": "Can change post", "content_type": 20, "codename": "change_post"}}, {"model": "auth.permission", "pk": 79, "fields": {"name": "Can delete post", "content_type": 20, "codename": "delete_post"}}, {"model": "auth.permission", "pk": 80, "fields": {"name": "Can view post", "content_type": 20, "codename": "view_post"}}, {"model": "auth.permission", "pk": 81, "fields": {"name": "Can add comment", "content_type": 21, "codename": "add_comment"}}, {"model": "auth.permission", "pk": 82, "fields": {"name": "Can change comment", "content_type": 21, "codename": "change_comment"}}, {"model": "auth.permission", "pk": 83, "fields": {"name": "Can delete comment", "content_type": 21, "codename": "delete_comment"}}, {"model": "auth.permission", "pk": 84, "fields": {"name": "Can view comment", "content_type": 21, "codename": "view_comment"}}, {"model": "auth.permission", "pk": 85, "fields": {"name": "Can add contact", "content_type": 22, "codename": "add_contact"}}, {"model": "auth.permission", "pk": 86, "fields": {"name": "Can change contact", "content_type": 22, "codename": "change_contact"}}, {"model": "auth.permission", "pk": 87, "fields": {"name": "Can delete contact", "content_type": 22, "codename": "delete_contact"}}, {"model": "auth.permission", "pk": 88, "fields": {"name": "Can view contact", "content_type": 22, "codename": "view_contact"}}, {"model": "auth.permission", "pk": 89, "fields": {"name": "Can add plan", "content_type": 23, "codename": "add_plan"}}, {"model": "auth.permission", "pk": 90, "fields": {"name": "Can change plan", "content_type": 23, "codename": "change_plan"}}, {"model": "auth.permission", "pk": 91, "fields": {"name": "Can delete plan", "content_type": 23, "codename": "delete_plan"}}, {"model": "auth.permission", "pk": 92, "fields": {"name": "Can view plan", "content_type": 23, "codename": "view_plan"}}, {"model": "auth.user", "pk": 2, "fields": {"password": "pbkdf2_sha256$260000$Kp5Vsl5bYPtFonlmdYxb7w$ajXX0BicUDNBjw+QY5oysU5EHZqol/2bvJvyQC2uFgk=", "last_login": "2023-01-29T13:57:50.851Z", "is_superuser": true, "username": "admin", "first_name": "", "last_name": "", "email": "nicolascagna@hotmail.com", "is_staff": true, "is_active": true, "date_joined": "2023-01-27T20:41:11Z", "groups": [], "user_permissions": []}}, {"model": "auth.user", "pk": 3, "fields": {"password": "pbkdf2_sha256$260000$Z5wIURbd9NZEKK38w507hn$jDM7pWTPCT1CJJj2c+ZuA23dviRNcojO72Dm1sIW+A4=", "last_login": "2023-01-29T13:56:12.151Z", "is_superuser": false, "username": "test", "first_name": "", "last_name": "", "email": "test@test.com", "is_staff": false, "is_active": true, "date_joined": "2023-01-27T20:46:43.806Z", "groups": [], "user_permissions": []}}, {"model": "contenttypes.contenttype", "pk": 1, "fields": {"app_label": "admin", "model": "logentry"}}, {"model": "contenttypes.contenttype", "pk": 2, "fields": {"app_label": "auth", "model": "permission"}}, {"model": "contenttypes.contenttype", "pk": 3, "fields": {"app_label": "auth", "model": "group"}}, {"model": "contenttypes.contenttype", "pk": 4, "fields": {"app_label": "auth", "model": "user"}}, {"model": "contenttypes.contenttype", "pk": 5, "fields": {"app_label": "contenttypes", "model": "contenttype"}}, {"model": "contenttypes.contenttype", "pk": 6, "fields": {"app_label": "sessions", "model": "session"}}, {"model": "contenttypes.contenttype", "pk": 7, "fields": {"app_label": "sites", "model": "site"}}, {"model": "contenttypes.contenttype", "pk": 8, "fields": {"app_label": "account", "model": "emailaddress"}}, {"model": "contenttypes.contenttype", "pk": 9, "fields": {"app_label": "account", "model": "emailconfirmation"}}, {"model": "contenttypes.contenttype", "pk": 10, "fields": {"app_label": "socialaccount", "model": "socialaccount"}}, {"model": "contenttypes.contenttype", "pk": 11, "fields": {"app_label": "socialaccount", "model": "socialapp"}}, {"model": "contenttypes.contenttype", "pk": 12, "fields": {"app_label": "socialaccount", "model": "socialtoken"}}, {"model": "contenttypes.contenttype", "pk": 13, "fields": {"app_label": "products", "model": "category"}}, {"model": "contenttypes.contenttype", "pk": 14, "fields": {"app_label": "products", "model": "product"}}, {"model": "contenttypes.contenttype", "pk": 15, "fields": {"app_label": "checkout", "model": "orderlineitem"}}, {"model": "contenttypes.contenttype", "pk": 16, "fields": {"app_label": "checkout", "model": "order"}}, {"model": "contenttypes.contenttype", "pk": 17, "fields": {"app_label": "profiles", "model": "userprofile"}}, {"model": "contenttypes.contenttype", "pk": 18, "fields": {"app_label": "django_summernote", "model": "attachment"}}, {"model": "contenttypes.contenttype", "pk": 19, "fields": {"app_label": "blog", "model": "contact"}}, {"model": "contenttypes.contenttype", "pk": 20, "fields": {"app_label": "blog", "model": "post"}}, {"model": "contenttypes.contenttype", "pk": 21, "fields": {"app_label": "blog", "model": "comment"}}, {"model": "contenttypes.contenttype", "pk": 22, "fields": {"app_label": "contact", "model": "contact"}}, {"model": "contenttypes.contenttype", "pk": 23, "fields": {"app_label": "workout", "model": "plan"}}, {"model": "sessions.session", "pk": "auh1tm7ywcbp1ybrp473umwvag7m8r38", "fields": {"session_data": "e30:1pLVVL:xtG0FL3xFrlmaEzOcRF60bmcq7F5qvw3R_dMczaD5PM", "expire_date": "2023-02-10T20:39:23.631Z"}}, {"model": "sessions.session", "pk": "bzarpo6f7p9ids3ld3zc5pqzvyyjew1l", "fields": {"session_data": "e30:1pLVSX:hh8IP66rRArKlSXSFUqlY0pYOELiudcVOksouSDu-dA", "expire_date": "2023-02-10T20:36:29.832Z"}}, {"model": "sessions.session", "pk": "hlbukm9n6ixv9d9xikxh491xzna5pun1", "fields": {"session_data": ".eJxVjMsOgyAUBf-FdUMERLguu_cbCI-L2DaQiK6M_15JXLTbmTnnIMbuWzJ7xdUsgYyEkccvc9a_MTcRXjbPhfqSt3VxtCX0tpVOJeDnebd_B8nW1NYedMQeuY4MJA7yAp2KTkTQiveKY-ADdACCOSuECwJkRCV9wAFExOvU2ZmMx3l-AfLjOwM:1pKO73:-tpmpICbI0YhY4m5ZhvwuShcqgC9nAA6LlUbzu32r30", "expire_date": "2023-02-07T18:33:41.026Z"}}, {"model": "sessions.session", "pk": "hrnku533uh4pst0doyw4xd0tha35agh7", "fields": {"session_data": "e30:1pLVT5:kFliYTTnqBp6RxBGEk8sj6DlqPPC9PoVfmuF-4TdldE", "expire_date": "2023-02-10T20:37:03.802Z"}}, {"model": "sessions.session", "pk": "jx0cgkxojzvrfheg0o3duhui4ieldw6z", "fields": {"session_data": ".eJxVjMsOwiAUBf-FtSHlDV269xvI5SWoAQNtojH-uzbpQrdn5swLWViXbNcRuy0BzYiiw-_mwF9j3UC4QD037FtdenF4U_BOBz61EG_H3f0LZBj5-2bGaKa05D4lGbiBoDxLQD13HBjXRiQa3CTAGEJ0mpiWoISPQlNJiSBbdMQxSqs2Pu6lP9E8vT9zdD5q:1pMD9C:Ns5OOooVonIG9meoSKjeLkzePd8H_8nyyKMl7Cmd_vQ", "expire_date": "2023-02-12T19:15:26.918Z"}}, {"model": "sessions.session", "pk": "kp9cifequgue3byca7slcohx6fh69d3h", "fields": {"session_data": ".eJxVjMsOwiAQRf-FtSGFKY9x6d5vIDwGqRpISrsy_ruSdKHbc869L-b8vhW3d1rdktiZCXb6ZcHHB9Uh0t3XW-Ox1W1dAh8JP2zn15boeTnav4PiexnriDbTTNJmgYq0-oLJ5AAZrZGzkZSkxgkRRPAAIQGqTEbFRBohE3t_AO4zODc:1pHQI9:jFNqjEjs7V2vn8cSRVlfoWS0Gz3a1Kverzv4H_JKE38", "expire_date": "2023-01-30T14:16:53.014Z"}}, {"model": "sessions.session", "pk": "qv0e9uunrfpmkjzw2v7tz3xkc3pvfhgj", "fields": {"session_data": ".eJxVjMsOgjAUBf_lrklDX9B26d5vaG5fUDXFUEg0hH9XEha6PTNnNrC4LqNda5xtDmCAQfO7OfT3WA4QbliGifipLHN25FDISSu5TiE-Lqf7Fxixjt8311rxXnXCp9QFoTH0nidkXjiBXCgtEwuulag1pSq1XHXYSx-lYh2jkh7RGmvNU7Hx9czzG0zbgMMBzAa0B0P3_QM3S0JN:1pLrYX:uGwTt-DY1dSk4ShH234eOmQpjmyjaZs7oYslYrbFB2A", "expire_date": "2023-02-11T20:12:09.818Z"}}, {"model": "sessions.session", "pk": "tm2wj3pcvathktgefoq3kp4tc3mwmsxi", "fields": {"session_data": ".eJxVjMsOwiAQRf-FdUN4GWiX7v0GMoXBogYM0xqN8d9tjQvd3nPueTIPyzz5hbD5HNnANOt-txHCGcsG4gnKsfJQy9zyyDeFfynxQ4142X_dv8AENK1vqXVSY1RSgQFrnUsqSO0MWid3QgSUxiZje3AxSYGr3afg0AktjJHqEyUkyrV4vF9ze7BBdIzghj6XVNkwtwVfb7MPRG8:1pLZEF:iA21ZNnyRYRUlemBKW1KQd2tmkZPnrV-z6e-jaRmT54", "expire_date": "2023-02-11T00:37:59.817Z"}}, {"model": "sessions.session", "pk": "u77vxqctxk68q6low7s1qrdmouukx7dl", "fields": {"session_data": ".eJxVjU0OgyAQhe_C2hgGaEB37UXIiEMkNdgImDZN7140Ltrl-_vem1ksebIl0WrDyHomWfPrDejuFPcA53m3W3RuKTG3R-eMU3utimIODnNY4u1c_aEmTFPlgJReDKMAgQq1NsYLB9Io0gYunDsCpb3SHZrRA6fa7rwzZLjkSoE4oIlSqjeWno-wvljPG5ZwIxuiX1if10KfLy_ySOM:1pLZ3I:qLf_FcU5jVmfyVPoEXSIBUO4gpUGIqVHBe-gRlEYbWw", "expire_date": "2023-02-11T00:26:40.371Z"}}, {"model": "sessions.session", "pk": "zs87afmagzr2gcow7rrbrr0i2ozxst9h", "fields": {"session_data": ".eJxVjMsOwiAQRf-FtSG8DLRL934DmcJgUQOGaY3G-O-2pptu7zn3fBjBE30uqbJ-ajMemId5Gv1M2HyOrGea7bYBwg3LCuIVyqXyUMvU8sBXhW-U-LlGvJ82dxcYgcblLbVOaohKKjBgrXNJBamdQevkUYiA0thkbAcuJilwsbsUHDqhhTFS_aOERLkWj69Hbm_Wi-8PLHhEbw:1pLZoB:b_Rz4Fv7b5pk4iEfangfeEbAlesR_Onn4hPmd5yvJsw", "expire_date": "2023-02-11T01:15:07.322Z"}}, {"model": "sites.site", "pk": 1, "fields": {"domain": "fit-zone.example.com", "name": "Fit Zone"}}, {"model": "account.emailaddress", "pk": 3, "fields": {"user": 2, "email": "nicolascagna@hotmail.com", "verified": true, "primary": true}}, {"model": "account.emailaddress", "pk": 4, "fields": {"user": 3, "email": "test@test.com", "verified": true, "primary": true}}, {"model": "products.category", "pk": 1, "fields": {"name": "vitamin", "friendly_name": "vitamin"}}, {"model": "products.category", "pk": 2, "fields": {"name": "protein", "friendly_name": "protein"}}, {"model": "products.category", "pk": 3, "fields": {"name": "snacks", "friendly_name": "snacks"}}, {"model": "products.category", "pk": 6, "fields": {"name": "accessories", "friendly_name": "accessories"}}, {"model": "products.category", "pk": 7, "fields": {"name": "dumbbells", "friendly_name": "dumbbells"}}, {"model": "products.category", "pk": 8, "fields": {"name": "plates", "friendly_name": "plates"}}, {"model": "products.category", "pk": 9, "fields": {"name": "racks", "friendly_name": "racks"}}, {"model": "products.product", "pk": 1, "fields": {"category": 1, "sku": "0001", "name": "Multivitamin Gummies", "description": "Deliciously tasty chewable multivitamin gummies", "price": "6.00", "rating": "4.80", "image_url": "https://static.thcdn.com/images/large/webp//productimg/1600/1600/13630062-1735003779910385.jpg", "image": "13630062-1735003779910385.webp"}}, {"model": "products.product", "pk": 2, "fields": {"category": 2, "sku": "0002", "name": "100% Whey Protein Powder - 450g", "description": "Vanilla Ice Cream  - Optimum Nutrition", "price": "15.99", "rating": "4.50", "image_url": "https://images.hollandandbarrettimages.co.uk/productimages/HB/724/041894_A.jpg", "image": "vanilla_protein.jpg"}}, {"model": "products.product", "pk": 3, "fields": {"category": 3, "sku": "0003", "name": "Energy Drink - Nocco - 330ml x 12 Pack", "description": "NOCCO is the fastest growing brand for BCAA-based sports drinks in Europe! All NOCCO products contain proteins in the form of BCAA (branched chain amino acids), are lactose-free, without carbohydrates and therefore without sugar! BCAA are three essential amino acids: leucine, valine and isoleucine. These cannot be produced independently by the human body and therefore need to be supplied via food. Branched-chain amino acids are essential for building, expanding and protecting the muscles. They also help delay fatigue during sporting activities.", "price": "15.00", "rating": "4.60", "image_url": null, "image": "energy_drinks.webp"}}, {"model": "products.product", "pk": 4, "fields": {"category": 3, "sku": "0004", "name": "Chocolate Protein Bars - 6 bars", "description": "These delicious protein bars are a perfect snack at any time!", "price": "12.00", "rating": "4.90", "image_url": null, "image": "protein_bars.webp"}}, {"model": "products.product", "pk": 5, "fields": {"category": 6, "sku": "0005", "name": "Gym Bag", "description": "Gym Bag - 40L", "price": "39.99", "rating": "4.20", "image_url": null, "image": "istockphoto-1174909369-612x612.jpg"}}, {"model": "products.product", "pk": 6, "fields": {"category": 6, "sku": "0006", "name": "Yoga Mat", "description": "Yoga Mat - Unisex", "price": "20.50", "rating": "4.60", "image_url": null, "image": "gymmat.jpg"}}, {"model": "products.product", "pk": 7, "fields": {"category": 6, "sku": "0007", "name": "Protein Shaker", "description": "Protein Shaker - 1L capacity", "price": "5.99", "rating": "4.80", "image_url": null, "image": "ctrl-a-meal-replacement-03e4RajfFAE-unsplash.jpg"}}, {"model": "products.product", "pk": 8, "fields": {"category": 6, "sku": "0008", "name": "Smartwatch", "description": "Tracks sports / steps / distance / calories / sleep\r\nMonitors heart rate / VO2 Max / blood oxygen / stress\r\nBattery life: 6 days +", "price": "125.00", "rating": "4.70", "image_url": null, "image": "emiliano-cicero-OKZqs-Vseko-unsplash.jpg"}}, {"model": "products.product", "pk": 9, "fields": {"category": 7, "sku": "d0001", "name": "Dumbbells Set - 5Kg", "description": "Dumbbells Set - 5Kg", "price": "39.99", "rating": "4.00", "image_url": null, "image": "vd-photography-H-qxKCedhcc-unsplash.jpg"}}, {"model": "products.product", "pk": 10, "fields": {"category": 7, "sku": "d0002", "name": "Adjustable Dumbbells", "description": "Adjustable Dumbbells - 24Kg - 1Pcs", "price": "110.99", "rating": "4.90", "image_url": null, "image": "Adjustable_Dumbell_25kg_2__02365.jpg"}}, {"model": "products.product", "pk": 11, "fields": {"category": 7, "sku": "d0003", "name": "Neoprene Dumbbells", "description": "Neoprene Dumbbells Set - 7 pcs \r\nWEIGHT 1 KG, 2 KG, 3 KG, 4 KG, 5 KG, 6 KG, 7 KG", "price": "55.99", "rating": "5.00", "image_url": null, "image": "Copy-of-Untitled-800-x-800-px-92-510x510.png"}}, {"model": "products.product", "pk": 12, "fields": {"category": 8, "sku": "p0001", "name": "Gym Plate", "description": "Gym Plate - SIngle - 25Kg", "price": "65.50", "rating": "4.10", "image_url": null, "image": "gym_plate_25.jpg"}}, {"model": "products.product", "pk": 13, "fields": {"category": 8, "sku": "d0002", "name": "Gym Plate", "description": "Gym Plate - Single 20Kg", "price": "50.00", "rating": "4.20", "image_url": null, "image": "plate_20.jpg"}}, {"model": "products.product", "pk": 14, "fields": {"category": 8, "sku": "p0003", "name": "Gym Plate", "description": "Gym Plate  - Single - 15Kg", "price": "45.50", "rating": "4.30", "image_url": null, "image": "plate_15.jpg"}}, {"model": "products.product", "pk": 15, "fields": {"category": 9, "sku": "r0001", "name": "Bolt Strength Power Rack with Lat Pulldown/Low Row", "description": "Package includes:\r\n- Set of J-Hooks\r\n- Plate Loaded Lat-Pull down/Lo-Pulley Machine\r\n- 1 set of Spotting Arms\r\n- Full-Power Rack", "price": "450.99", "rating": "5.00", "image_url": null, "image": "gym_racks.png"}}, {"model": "products.product", "pk": 16, "fields": {"category": 9, "sku": "r0002", "name": "Power Rack Home Gym", "description": "The Power Rack Home Gym offers unrivaled value with 80kg of weight lifting with an incredible Power rack that offers huge versatility. Finished with the red and black classic look that is clean and striking.", "price": "999.00", "rating": "4.50", "image_url": null, "image": "1445691_Power-Rack-Cutouts_01_090222.jpg"}}, {"model": "products.product", "pk": 18, "fields": {"category": 2, "sku": "myprotein0001", "name": "Impact Whey Protein Chocolate Brownie Flavor- MyProtein - 1Kg", "description": "Premium whey packed with 21g of protein per serving, for the everyday protein you need from a quality source — with all-natural nutritionals, it's ideal for all of your fitness goals.", "price": "26.14", "rating": "5.00", "image_url": "https://static.thcdn.com/images/large/webp//productimg/1600/1600/10530943-1504726884876366.jpg", "image": "10530943-myprotein.webp"}}, {"model": "checkout.order", "pk": 1, "fields": {"order_number": "99421A1EAE624323B332E2C014E71D1D", "user_profile": null, "full_name": "Nicolas Cagna", "email": "nicolascagna@hotmail.com", "phone_number": "0835565656", "country": "Ireland", "postcode": "215151", "town_or_city": "Alba", "street_address1": "ahdhd", "street_address2": "adhsfdhfhsa", "county": "Cork", "date": "2023-01-27T07:30:37.607Z", "delivery_cost": "0.00", "order_total": "166.98", "grand_total": "166.98", "original_bag": "", "stripe_pid": ""}}, {"model": "checkout.order", "pk": 2, "fields": {"order_number": "014DD6E45DFA4C53A57F25C51CEF6F67", "user_profile": null, "full_name": "test", "email": "test@gmail.com", "phone_number": "45454545454", "country": "Ireland", "postcode": "215151", "town_or_city": "Alba", "street_address1": "ahdhd", "street_address2": "adhsfdhfhsa", "county": "Cork", "date": "2023-01-27T07:33:07.231Z", "delivery_cost": "0.00", "order_total": "110.99", "grand_total": "110.99", "original_bag": "", "stripe_pid": ""}}, {"model": "checkout.order", "pk": 3, "fields": {"order_number": "C8BB265896CA40F7AB26AC213D8B973A", "user_profile": null, "full_name": "test", "email": "nicolascagna@hotmail.com", "phone_number": "+353 83 483 6878", "country": "Ireland", "postcode": "215151", "town_or_city": "Alba", "street_address1": "ahdhd", "street_address2": "adhsfdhfhsa", "county": "Cork", "date": "2023-01-27T07:47:14.043Z", "delivery_cost": "3.50", "order_total": "35.00", "grand_total": "38.50", "original_bag": "", "stripe_pid": ""}}, {"model": "checkout.order", "pk": 4, "fields": {"order_number": "AADB271A5EFB4B8CA06F799454A913D9", "user_profile": null, "full_name": "Nicolas Cagna", "email": "nicolascagna@hotmail.com", "phone_number": "554548484815", "country": "Ireland", "postcode": "215151", "town_or_city": "Alba", "street_address1": "ahdhd", "street_address2": "adhsfdhfhsa", "county": "Cork", "date": "2023-01-27T08:00:05.968Z", "delivery_cost": "0.00", "order_total": "110.99", "grand_total": "110.99", "original_bag": "", "stripe_pid": ""}}, {"model": "checkout.order", "pk": 5, "fields": {"order_number": "FDBC28F7502D4452A701CAC697AE3070", "user_profile": null, "full_name": "Nicolas Cagna", "email": "nicolascagna@hotmail.com", "phone_number": "+353 83 483 6878", "country": "Ireland", "postcode": "215151", "town_or_city": "Alba", "street_address1": "ahdhd", "street_address2": "adhsfdhfhsa", "county": "Cork", "date": "2023-01-27T08:02:29.744Z", "delivery_cost": "2.05", "order_total": "20.50", "grand_total": "22.55", "original_bag": "", "stripe_pid": ""}}, {"model": "checkout.order", "pk": 6, "fields": {"order_number": "A467C8822EFD4F54AD1357272C646888", "user_profile": null, "full_name": "Nicolas Cagna", "email": "nicolascagna@hotmail.com", "phone_number": "554548484815", "country": "Ireland", "postcode": "215151", "town_or_city": "Alba", "street_address1": "ahdhd", "street_address2": "adhsfdhfhsa", "county": "Cork", "date": "2023-01-27T08:05:19.267Z", "delivery_cost": "4.00", "order_total": "39.99", "grand_total": "43.99", "original_bag": "", "stripe_pid": ""}}, {"model": "checkout.order", "pk": 7, "fields": {"order_number": "A341B3E00DE84626B41612CFD4DD30D8", "user_profile": null, "full_name": "test", "email": "nicolascagna@hotmail.com", "phone_number": "+353 83 483 6878", "country": "Italy", "postcode": "215151", "town_or_city": "Alba", "street_address1": "ahdhd", "street_address2": "adhsfdhfhsa", "county": "Italy", "date": "2023-01-27T18:12:19.969Z", "delivery_cost": "3.50", "order_total": "35.00", "grand_total": "38.50", "original_bag": "", "stripe_pid": ""}}, {"model": "checkout.order", "pk": 8, "fields": {"order_number": "F301AA90C1254FE883DDD49964D6C990", "user_profile": null, "full_name": "Test", "email": "nicolascagna@hotmail.com", "phone_number": "+353 83 483 6878", "country": "IE", "postcode": "215151", "town_or_city": "Alba", "street_address1": "ahdhd", "street_address2": "adhsfdhfhsa", "county": "Italy", "date": "2023-01-27T18:44:23.385Z", "delivery_cost": "0.00", "order_total": "54.99", "grand_total": "54.99", "original_bag": "{\"3\": 1, \"9\": 1}", "stripe_pid": "'pi_3MUwteFYxZulK7V90ipfPzJU"}}, {"model": "checkout.order", "pk": 9, "fields": {"order_number": "CC0F4AAACAE043E2B56C81FD14ED0003", "user_profile": null, "full_name": "Nicolas Cagna", "email": "nicolascagna@hotmail.com", "phone_number": "554548484815", "country": "IE", "postcode": "215151", "town_or_city": "Alba", "street_address1": "ahdhd", "street_address2": "adhsfdhfhsa", "county": "Cork", "date": "2023-01-27T18:49:47.973Z", "delivery_cost": "0.00", "order_total": "450.99", "grand_total": "450.99", "original_bag": "{\"15\": 1}", "stripe_pid": "'pi_3MUwz2FYxZulK7V91EbxbuEu"}}, {"model": "checkout.order", "pk": 10, "fields": {"order_number": "1028123A12FE466AB342B1CD3E5581B4", "user_profile": null, "full_name": "Nicolas Cagna", "email": "nicolascagna@hotmail.com", "phone_number": "+353 83 483 6878", "country": "IE", "postcode": "215151", "town_or_city": "Alba", "street_address1": "ahdhd", "street_address2": "adhsfdhfhsa", "county": "Cork", "date": "2023-01-27T18:50:57.768Z", "delivery_cost": "0.00", "order_total": "55.99", "grand_total": "55.99", "original_bag": "{\"11\": 1}", "stripe_pid": "'pi_3MUx0LFYxZulK7V91owpVhCE"}}, {"model": "checkout.order", "pk": 11, "fields": {"order_number": "1374B32EE0EE4407A2E58EB43E3339AE", "user_profile": null, "full_name": "Nicolas Cagna", "email": "nicolascagna@hotmail.com", "phone_number": "554548484815", "country": "IE", "postcode": "215151", "town_or_city": "Alba", "street_address1": "ahdhd", "street_address2": "adhsfdhfhsa", "county": "Italy", "date": "2023-01-27T18:52:51.217Z", "delivery_cost": "3.50", "order_total": "35.00", "grand_total": "38.50", "original_bag": "{\"2\": 1}", "stripe_pid": "'pi_3MUx2CFYxZulK7V902oGoyoD"}}, {"model": "checkout.order", "pk": 12, "fields": {"order_number": "B8BE51571D0C466EB51BF75FC858DE87", "user_profile": null, "full_name": "Nicolas Cagna", "email": "nicolascagna@hotmail.com", "phone_number": "554548484815", "country": "IE", "postcode": "215151", "town_or_city": "Alba", "street_address1": "ahdhd", "street_address2": "adhsfdhfhsa", "county": "Cork", "date": "2023-01-27T18:54:06.888Z", "delivery_cost": "1.50", "order_total": "15.00", "grand_total": "16.50", "original_bag": "{\"3\": 1}", "stripe_pid": "'pi_3MUx3RFYxZulK7V90nX98Uly"}}, {"model": "checkout.order", "pk": 13, "fields": {"order_number": "0AD7C7B9C2EC4156B54E452267ED6CD5", "user_profile": null, "full_name": "Nicolas Cagna", "email": "nicolascagna@hotmail.com", "phone_number": "554548484815", "country": "IE", "postcode": "215151", "town_or_city": "Alba", "street_address1": "ahdhd", "street_address2": "adhsfdhfhsa", "county": "Cork", "date": "2023-01-27T18:54:12.794Z", "delivery_cost": "1.50", "order_total": "15.00", "grand_total": "16.50", "original_bag": "{\"3\": 1}", "stripe_pid": "pi_3MUx3RFYxZulK7V90nX98Uly"}}, {"model": "checkout.order", "pk": 14, "fields": {"order_number": "5F214096EC1149D5967487D219E1EE41", "user_profile": null, "full_name": "Nicolas Cagna", "email": "nicolascagna@hotmail.com", "phone_number": "554548484815", "country": "IE", "postcode": "215151", "town_or_city": "Alba", "street_address1": "ahdhd", "street_address2": "adhsfdhfhsa", "county": "Cork", "date": "2023-01-27T18:56:25.183Z", "delivery_cost": "4.00", "order_total": "39.99", "grand_total": "43.99", "original_bag": "{\"5\": 1}", "stripe_pid": "'pi_3MUx5aFYxZulK7V91FoXniKA"}}, {"model": "checkout.order", "pk": 15, "fields": {"order_number": "E38B023459D34AFCAB0AB546ED189EB4", "user_profile": null, "full_name": "Nicolas Cagna", "email": "nicolascagna@hotmail.com", "phone_number": "554548484815", "country": "IE", "postcode": "215151", "town_or_city": "Alba", "street_address1": "ahdhd", "street_address2": "adhsfdhfhsa", "county": "Cork", "date": "2023-01-27T18:56:31.137Z", "delivery_cost": "4.00", "order_total": "39.99", "grand_total": "43.99", "original_bag": "{\"5\": 1}", "stripe_pid": "pi_3MUx5aFYxZulK7V91FoXniKA"}}, {"model": "checkout.order", "pk": 16, "fields": {"order_number": "A3DF96020BA34B1C970D884874211A61", "user_profile": null, "full_name": "Nicolas Cagna", "email": "nicolascagna@hotmail.com", "phone_number": "554548484815", "country": "BB", "postcode": "215151", "town_or_city": "Alba", "street_address1": "ahdhd", "street_address2": "adhsfdhfhsa", "county": "Italy", "date": "2023-01-27T19:21:29.958Z", "delivery_cost": "0.60", "order_total": "6.00", "grand_total": "6.60", "original_bag": "{\"1\": 1}", "stripe_pid": "'pi_3MUxTrFYxZulK7V900l72hWv"}}, {"model": "checkout.order", "pk": 17, "fields": {"order_number": "393B65BF33F8434A811172E1EE8DF13D", "user_profile": null, "full_name": "Nicolas Cagna", "email": "nicolascagna@hotmail.com", "phone_number": "554548484815", "country": "BB", "postcode": "215151", "town_or_city": "Alba", "street_address1": "ahdhd", "street_address2": "adhsfdhfhsa", "county": "Italy", "date": "2023-01-27T19:21:35.869Z", "delivery_cost": "0.60", "order_total": "6.00", "grand_total": "6.60", "original_bag": "{\"1\": 1}", "stripe_pid": "pi_3MUxTrFYxZulK7V900l72hWv"}}, {"model": "checkout.order", "pk": 18, "fields": {"order_number": "09EB191BCA7E47D2BF8C0DC31A6961FE", "user_profile": 2, "full_name": "Test", "email": "dsssd@op.com", "phone_number": "sdsdd", "country": "AG", "postcode": "454545", "town_or_city": "54545", "street_address1": "45454", "street_address2": "44545", "county": "584848", "date": "2023-01-27T23:19:58.349Z", "delivery_cost": "0.00", "order_total": "160.95", "grand_total": "160.95", "original_bag": "{\"1\": 1, \"7\": 5, \"8\": 1}", "stripe_pid": "'pi_3MV1CDFYxZulK7V90N9q6Q5r"}}, {"model": "checkout.order", "pk": 19, "fields": {"order_number": "00F8479F5C6F4A8F9072C2CD78243A5E", "user_profile": null, "full_name": "Test", "email": "dsssd@op.com", "phone_number": "sdsdd", "country": "AG", "postcode": "454545", "town_or_city": "54545", "street_address1": "45454", "street_address2": "44545", "county": "584848", "date": "2023-01-27T23:20:04.261Z", "delivery_cost": "0.00", "order_total": "160.95", "grand_total": "160.95", "original_bag": "{\"1\": 1, \"7\": 5, \"8\": 1}", "stripe_pid": "pi_3MV1CDFYxZulK7V90N9q6Q5r"}}, {"model": "checkout.order", "pk": 20, "fields": {"order_number": "8E1F74A83D0E4CD6A7708C0F977C3324", "user_profile": 2, "full_name": "test", "email": "test@test.com", "phone_number": "+353 83 483 6878", "country": "BH", "postcode": "215151", "town_or_city": "Alba", "street_address1": "ahdhd", "street_address2": "adhsfdhfhsa", "county": "Italy", "date": "2023-01-27T23:25:41.410Z", "delivery_cost": "0.00", "order_total": "110.99", "grand_total": "110.99", "original_bag": "{\"10\": 1}", "stripe_pid": "'pi_3MV1I3FYxZulK7V918jt3JCW"}}, {"model": "checkout.order", "pk": 21, "fields": {"order_number": "C6C82A2A362643D6A572998B580BA837", "user_profile": null, "full_name": "test", "email": "test@test.com", "phone_number": "+353 83 483 6878", "country": "BH", "postcode": "215151", "town_or_city": "Alba", "street_address1": "ahdhd", "street_address2": "adhsfdhfhsa", "county": "Italy", "date": "2023-01-27T23:25:47.338Z", "delivery_cost": "0.00", "order_total": "110.99", "grand_total": "110.99", "original_bag": "{\"10\": 1}", "stripe_pid": "pi_3MV1I3FYxZulK7V918jt3JCW"}}, {"model": "checkout.order", "pk": 22, "fields": {"order_number": "88C0E0AB71D34100AF0717BB64873C2D", "user_profile": 2, "full_name": "test", "email": "test@test.com", "phone_number": "eetert564541", "country": "BD", "postcode": "54544554", "town_or_city": "4545544", "street_address1": "45454", "street_address2": "5454545", "county": "5445454", "date": "2023-01-27T23:50:49.036Z", "delivery_cost": "0.00", "order_total": "999.00", "grand_total": "999.00", "original_bag": "{\"16\": 1}", "stripe_pid": "'pi_3MV1gRFYxZulK7V91Xj62sjp"}}, {"model": "checkout.order", "pk": 23, "fields": {"order_number": "4C5739F10B604C59A165ABF0C9CFE2B1", "user_profile": null, "full_name": "test", "email": "test@test.com", "phone_number": "eetert564541", "country": "BD", "postcode": "54544554", "town_or_city": "4545544", "street_address1": "45454", "street_address2": "5454545", "county": "5445454", "date": "2023-01-27T23:50:54.927Z", "delivery_cost": "0.00", "order_total": "999.00", "grand_total": "999.00", "original_bag": "{\"16\": 1}", "stripe_pid": "pi_3MV1gRFYxZulK7V91Xj62sjp"}}, {"model": "checkout.order", "pk": 24, "fields": {"order_number": "8FB2ED3A7B384C4CB333DB4C0EB7C3D8", "user_profile": 2, "full_name": "test", "email": "test@test.com", "phone_number": "554548484815", "country": "BD", "postcode": "215151", "town_or_city": "Alba", "street_address1": "ahdhd", "street_address2": "adhsfdhfhsa", "county": "Cork", "date": "2023-01-28T00:03:31.025Z", "delivery_cost": "1.20", "order_total": "12.00", "grand_total": "13.20", "original_bag": "{\"4\": 1}", "stripe_pid": "'pi_3MV1stFYxZulK7V90dlvVbJE"}}, {"model": "checkout.order", "pk": 25, "fields": {"order_number": "292D222958634EF2820C7A3F29BF501F", "user_profile": null, "full_name": "test", "email": "test@test.com", "phone_number": "554548484815", "country": "BD", "postcode": "215151", "town_or_city": "Alba", "street_address1": "ahdhd", "street_address2": "adhsfdhfhsa", "county": "Cork", "date": "2023-01-28T00:03:36.859Z", "delivery_cost": "1.20", "order_total": "12.00", "grand_total": "13.20", "original_bag": "{\"4\": 1}", "stripe_pid": "pi_3MV1stFYxZulK7V90dlvVbJE"}}, {"model": "checkout.order", "pk": 26, "fields": {"order_number": "EE812478D18D4FA0BE0365FCB4884032", "user_profile": 2, "full_name": "Test", "email": "test@test.com", "phone_number": "554548484815", "country": "AT", "postcode": "215151", "town_or_city": "Alba", "street_address1": "ahdhd", "street_address2": "adhsfdhfhsa", "county": "Cork", "date": "2023-01-28T00:19:06.076Z", "delivery_cost": "0.60", "order_total": "6.00", "grand_total": "6.60", "original_bag": "{\"1\": 1}", "stripe_pid": "'pi_3MV27SFYxZulK7V914FlDsqk"}}, {"model": "checkout.order", "pk": 27, "fields": {"order_number": "FEAB9B638AA24B2DBB1EBE2C9A885C25", "user_profile": 2, "full_name": "Test", "email": "test@test.com", "phone_number": "554548484815", "country": "AT", "postcode": "215151", "town_or_city": "Alba", "street_address1": "ahdhd", "street_address2": "adhsfdhfhsa", "county": "Cork", "date": "2023-01-28T00:20:39.991Z", "delivery_cost": "0.00", "order_total": "110.99", "grand_total": "110.99", "original_bag": "{\"10\": 1}", "stripe_pid": "'pi_3MV29dFYxZulK7V908oNXDmu"}}, {"model": "checkout.order", "pk": 28, "fields": {"order_number": "4C3EF0797CA8427F885AE478477A85BA", "user_profile": 2, "full_name": "test", "email": "test@test.com", "phone_number": "554548484815", "country": "AT", "postcode": "215151", "town_or_city": "Alba", "street_address1": "ahdhd", "street_address2": "adhsfdhfhsa", "county": "Cork", "date": "2023-01-28T00:21:40.817Z", "delivery_cost": "3.50", "order_total": "35.00", "grand_total": "38.50", "original_bag": "{\"2\": 1}", "stripe_pid": "'pi_3MV2AdFYxZulK7V91NkAFPBc"}}, {"model": "checkout.order", "pk": 29, "fields": {"order_number": "4C7ACB98044B488681267563E73C255B", "user_profile": 2, "full_name": "test", "email": "test@test.com", "phone_number": "554548484815", "country": "AT", "postcode": "215151", "town_or_city": "Alba", "street_address1": "ahdhd", "street_address2": "adhsfdhfhsa", "county": "Cork", "date": "2023-01-28T00:23:59.168Z", "delivery_cost": "3.50", "order_total": "35.00", "grand_total": "38.50", "original_bag": "{\"2\": 1}", "stripe_pid": "'pi_3MV2CrFYxZulK7V902GyFrXL"}}, {"model": "checkout.order", "pk": 30, "fields": {"order_number": "41641F7E26784851B0F13A5F62331F0A", "user_profile": null, "full_name": "test", "email": "test@test.com", "phone_number": "554548484815", "country": "AT", "postcode": "215151", "town_or_city": "Alba", "street_address1": "ahdhd", "street_address2": "adhsfdhfhsa", "county": "Cork", "date": "2023-01-28T00:24:05.110Z", "delivery_cost": "3.50", "order_total": "35.00", "grand_total": "38.50", "original_bag": "{\"2\": 1}", "stripe_pid": "pi_3MV2CrFYxZulK7V902GyFrXL"}}, {"model": "checkout.order", "pk": 31, "fields": {"order_number": "DCB8D5EB9F0D4FB4865F7740163B5E38", "user_profile": 2, "full_name": "test", "email": "test@test.com", "phone_number": "554548484815", "country": "AT", "postcode": "215151", "town_or_city": "Alba", "street_address1": "ahdhd", "street_address2": "adhsfdhfhsa", "county": "Cork", "date": "2023-01-28T00:26:40.265Z", "delivery_cost": "0.00", "order_total": "250.00", "grand_total": "250.00", "original_bag": "{\"13\": 5}", "stripe_pid": "'pi_3MV2FTFYxZulK7V90FUK2jBg"}}, {"model": "checkout.order", "pk": 32, "fields": {"order_number": "2E8D0890449C4D19885ADA84371FE25E", "user_profile": 2, "full_name": "test", "email": "test@test.com", "phone_number": "554548484815", "country": "AT", "postcode": "215151", "town_or_city": "Alba", "street_address1": "ahdhd", "street_address2": "adhsfdhfhsa", "county": "Cork", "date": "2023-01-28T00:36:02.347Z", "delivery_cost": "4.00", "order_total": "39.99", "grand_total": "43.99", "original_bag": "{\"5\": 1}", "stripe_pid": "'pi_3MV2OYFYxZulK7V9032PSnNQ"}}, {"model": "checkout.order", "pk": 33, "fields": {"order_number": "9D03D440D02343F192D2A9D298BA1611", "user_profile": 2, "full_name": "test", "email": "test@test.com", "phone_number": "554548484815", "country": "AT", "postcode": "215151", "town_or_city": "Alba", "street_address1": "ahdhd", "street_address2": "adhsfdhfhsa", "county": "Cork", "date": "2023-01-28T00:37:59.714Z", "delivery_cost": "3.50", "order_total": "35.00", "grand_total": "38.50", "original_bag": "{\"2\": 1}", "stripe_pid": "'pi_3MV2QQFYxZulK7V91sRyH4IS"}}, {"model": "checkout.order", "pk": 34, "fields": {"order_number": "AF139AF6A376441A8E396EF45AE33AC0", "user_profile": 2, "full_name": "test", "email": "test@test.com", "phone_number": "554548484815", "country": "AT", "postcode": "215151", "town_or_city": "Alba", "street_address1": "ahdhd", "street_address2": "adhsfdhfhsa", "county": "Cork", "date": "2023-01-28T00:39:24.371Z", "delivery_cost": "4.00", "order_total": "39.99", "grand_total": "43.99", "original_bag": "{\"5\": 1}", "stripe_pid": "'pi_3MV2RoFYxZulK7V91erfCVFN"}}, {"model": "checkout.order", "pk": 35, "fields": {"order_number": "499594C21CF5482D8FEE775CAC894570", "user_profile": 2, "full_name": "test", "email": "test@test.com", "phone_number": "554548484815", "country": "AT", "postcode": "215151", "town_or_city": "Alba", "street_address1": "ahdhd", "street_address2": "adhsfdhfhsa", "county": "Cork", "date": "2023-01-28T00:39:30.225Z", "delivery_cost": "4.00", "order_total": "39.99", "grand_total": "43.99", "original_bag": "{\"5\": 1}", "stripe_pid": "pi_3MV2RoFYxZulK7V91erfCVFN"}}, {"model": "checkout.order", "pk": 36, "fields": {"order_number": "3E50214B689E42B8AECE0BB2F0CD1917", "user_profile": 2, "full_name": "test", "email": "test@test.com", "phone_number": "554548484815", "country": "AT", "postcode": "215151", "town_or_city": "Alba", "street_address1": "ahdhd", "street_address2": "adhsfdhfhsa", "county": "Cork", "date": "2023-01-28T00:41:35.413Z", "delivery_cost": "0.00", "order_total": "55.99", "grand_total": "55.99", "original_bag": "{\"11\": 1}", "stripe_pid": "'pi_3MV2TtFYxZulK7V91oyuEkiY"}}, {"model": "checkout.order", "pk": 37, "fields": {"order_number": "455E2ADB95CA4D849101DA6F68E98BE4", "user_profile": 2, "full_name": "test", "email": "test@test.com", "phone_number": "554548484815", "country": "AT", "postcode": "215151", "town_or_city": "Alba", "street_address1": "ahdhd", "street_address2": "adhsfdhfhsa", "county": "Cork", "date": "2023-01-28T00:41:41.277Z", "delivery_cost": "0.00", "order_total": "55.99", "grand_total": "55.99", "original_bag": "{\"11\": 1}", "stripe_pid": "pi_3MV2TtFYxZulK7V91oyuEkiY"}}, {"model": "checkout.order", "pk": 38, "fields": {"order_number": "62576C7B9CA7430E83ADE728A561DD3B", "user_profile": 2, "full_name": "test", "email": "test@test.com", "phone_number": "554548484815", "country": "AT", "postcode": "215151", "town_or_city": "Alba", "street_address1": "ahdhd", "street_address2": "adhsfdhfhsa", "county": "Cork", "date": "2023-01-28T00:42:40.097Z", "delivery_cost": "1.50", "order_total": "15.00", "grand_total": "16.50", "original_bag": "{\"3\": 1}", "stripe_pid": "'pi_3MV2UxFYxZulK7V90ppWhvrz"}}, {"model": "checkout.order", "pk": 39, "fields": {"order_number": "915FC5E4872340DDBC56EE77E52AFD30", "user_profile": 2, "full_name": "test", "email": "test@test.com", "phone_number": "554548484815", "country": "AT", "postcode": "215151", "town_or_city": "Alba", "street_address1": "ahdhd", "street_address2": "adhsfdhfhsa", "county": "Cork", "date": "2023-01-28T00:42:45.978Z", "delivery_cost": "1.50", "order_total": "15.00", "grand_total": "16.50", "original_bag": "{\"3\": 1}", "stripe_pid": "pi_3MV2UxFYxZulK7V90ppWhvrz"}}, {"model": "checkout.order", "pk": 40, "fields": {"order_number": "0A748FB1489A424E84CC35E7B9BC0C87", "user_profile": null, "full_name": "Nicolas Cagna", "email": "nicolascagna@hotmail.com", "phone_number": "554548484815", "country": "BS", "postcode": "215151", "town_or_city": "Alba", "street_address1": "ahdhd", "street_address2": "adhsfdhfhsa", "county": "5445454", "date": "2023-01-28T00:58:39.067Z", "delivery_cost": "0.00", "order_total": "65.50", "grand_total": "65.50", "original_bag": "{\"12\": 1}", "stripe_pid": "'pi_3MV2kGFYxZulK7V91akbYz3W"}}, {"model": "checkout.order", "pk": 41, "fields": {"order_number": "EC19D04E11014A62B6457BD602C26976", "user_profile": null, "full_name": "Nicolas Cagna", "email": "nicolascagna@hotmail.com", "phone_number": "554548484815", "country": "BS", "postcode": "215151", "town_or_city": "Alba", "street_address1": "ahdhd", "street_address2": "adhsfdhfhsa", "county": "5445454", "date": "2023-01-28T00:58:44.911Z", "delivery_cost": "0.00", "order_total": "65.50", "grand_total": "65.50", "original_bag": "{\"12\": 1}", "stripe_pid": "pi_3MV2kGFYxZulK7V91akbYz3W"}}, {"model": "checkout.order", "pk": 42, "fields": {"order_number": "BA008F0AF04741019D6EEFD215D1F23C", "user_profile": null, "full_name": "Nicolas Cagna", "email": "nicolascagna@hotmail.com", "phone_number": "554548484815", "country": "BB", "postcode": "215151", "town_or_city": "Alba", "street_address1": "ahdhd", "street_address2": "adhsfdhfhsa", "county": "584848", "date": "2023-01-28T01:00:17.863Z", "delivery_cost": "1.50", "order_total": "15.00", "grand_total": "16.50", "original_bag": "{\"3\": 1}", "stripe_pid": "'pi_3MV2ltFYxZulK7V91psAz0yt"}}, {"model": "checkout.order", "pk": 43, "fields": {"order_number": "414FD856D94F45E8BC228E57EE14B4D1", "user_profile": null, "full_name": "Nicolas Cagna", "email": "nicolascagna@hotmail.com", "phone_number": "554548484815", "country": "BS", "postcode": "215151", "town_or_city": "Alba", "street_address1": "ahdhd", "street_address2": "adhsfdhfhsa", "county": "5445454", "date": "2023-01-28T01:02:37.405Z", "delivery_cost": "2.05", "order_total": "20.50", "grand_total": "22.55", "original_bag": "{\"6\": 1}", "stripe_pid": "'pi_3MV2o8FYxZulK7V91KAqCdk0"}}, {"model": "checkout.order", "pk": 44, "fields": {"order_number": "C6E792650D9D4063A728B14C0AC81DA9", "user_profile": null, "full_name": "Nicolas Cagna", "email": "nicolascagna@hotmail.com", "phone_number": "554548484815", "country": "AM", "postcode": "215151", "town_or_city": "Alba", "street_address1": "ahdhd", "street_address2": "adhsfdhfhsa", "county": "584848", "date": "2023-01-28T01:05:31.703Z", "delivery_cost": "3.50", "order_total": "35.00", "grand_total": "38.50", "original_bag": "{\"2\": 1}", "stripe_pid": "'pi_3MV2qxFYxZulK7V90q8yi513"}}, {"model": "checkout.order", "pk": 45, "fields": {"order_number": "EBF9795CB36B4982A303B061550E791D", "user_profile": null, "full_name": "Nicolas Cagna", "email": "nicolascagna@hotmail.com", "phone_number": "554548484815", "country": "BH", "postcode": "215151", "town_or_city": "Alba", "street_address1": "ahdhd", "street_address2": "adhsfdhfhsa", "county": "Cork", "date": "2023-01-28T01:07:38.526Z", "delivery_cost": "0.00", "order_total": "999.00", "grand_total": "999.00", "original_bag": "{\"16\": 1}", "stripe_pid": "'pi_3MV2t1FYxZulK7V91mep43ZY"}}, {"model": "checkout.order", "pk": 46, "fields": {"order_number": "F3AB00ECC7464C1984EEDE51F35CC953", "user_profile": 2, "full_name": "test", "email": "test@test.com", "phone_number": "554548484815", "country": "AT", "postcode": "215151", "town_or_city": "Alba", "street_address1": "ahdhd", "street_address2": "adhsfdhfhsa", "county": "Cork", "date": "2023-01-28T01:13:03.992Z", "delivery_cost": "1.80", "order_total": "17.97", "grand_total": "19.77", "original_bag": "{\"7\": 3}", "stripe_pid": "'pi_3MV2y2FYxZulK7V91QXh5YXB"}}, {"model": "checkout.order", "pk": 47, "fields": {"order_number": "EBCD2DB6072F4055B353BECB597981B6", "user_profile": 2, "full_name": "test", "email": "test@test.com", "phone_number": "554548484815", "country": "AT", "postcode": "215151", "town_or_city": "Alba", "street_address1": "ahdhd", "street_address2": "adhsfdhfhsa", "county": "Cork", "date": "2023-01-28T01:15:07.213Z", "delivery_cost": "0.60", "order_total": "5.99", "grand_total": "6.59", "original_bag": "{\"7\": 1}", "stripe_pid": "'pi_3MV30HFYxZulK7V90AkxzrPT"}}, {"model": "checkout.order", "pk": 48, "fields": {"order_number": "9ECB52C5C40D42B58F96D487C573C08E", "user_profile": 2, "full_name": "test", "email": "test@test.com", "phone_number": "554548484815", "country": "AT", "postcode": "215151", "town_or_city": "Alba", "street_address1": "ahdhd", "street_address2": "adhsfdhfhsa", "county": "Cork", "date": "2023-01-28T01:15:13.097Z", "delivery_cost": "0.60", "order_total": "5.99", "grand_total": "6.59", "original_bag": "{\"7\": 1}", "stripe_pid": "pi_3MV30HFYxZulK7V90AkxzrPT"}}, {"model": "checkout.order", "pk": 49, "fields": {"order_number": "3547F41BCEC84A1DAD17FBE16C1FE108", "user_profile": 2, "full_name": "Test", "email": "test@test.com", "phone_number": "554548484815", "country": "AT", "postcode": "215151", "town_or_city": "Alba", "street_address1": "ahdhd", "street_address2": "adhsfdhfhsa", "county": "Cork", "date": "2023-01-28T01:20:01.087Z", "delivery_cost": "0.60", "order_total": "6.00", "grand_total": "6.60", "original_bag": "{\"1\": 1}", "stripe_pid": "pi_3MV27SFYxZulK7V914FlDsqk"}}, {"model": "checkout.order", "pk": 50, "fields": {"order_number": "5B9649303CD94674A0F8BCD007EF5954", "user_profile": 2, "full_name": "test", "email": "test@test.com", "phone_number": "554548484815", "country": "AT", "postcode": "215151", "town_or_city": "Alba", "street_address1": "ahdhd", "street_address2": "adhsfdhfhsa", "county": "Cork", "date": "2023-01-28T18:46:00.775Z", "delivery_cost": "4.55", "order_total": "45.50", "grand_total": "50.05", "original_bag": "{\"14\": 1}", "stripe_pid": "'pi_3MVJPLFYxZulK7V909O4T19V"}}, {"model": "checkout.order", "pk": 51, "fields": {"order_number": "E89BF7F1A21B4D76AE1F87197A03DE67", "user_profile": 2, "full_name": "test", "email": "test@test.com", "phone_number": "554548484815", "country": "AT", "postcode": "215151", "town_or_city": "Alba", "street_address1": "ahdhd", "street_address2": "adhsfdhfhsa", "county": "Cork", "date": "2023-01-28T18:46:06.661Z", "delivery_cost": "4.55", "order_total": "45.50", "grand_total": "50.05", "original_bag": "{\"14\": 1}", "stripe_pid": "pi_3MVJPLFYxZulK7V909O4T19V"}}, {"model": "checkout.order", "pk": 52, "fields": {"order_number": "17FBFEB504904D08AB4DB6025394C6E9", "user_profile": 2, "full_name": "Nicolas Cagna", "email": "test@test.com", "phone_number": "554548484815", "country": "AT", "postcode": "215151", "town_or_city": "Alba", "street_address1": "ahdhd", "street_address2": "adhsfdhfhsa", "county": "Cork", "date": "2023-01-28T18:48:26.589Z", "delivery_cost": "0.60", "order_total": "5.99", "grand_total": "6.59", "original_bag": "{\"7\": 1}", "stripe_pid": "'pi_3MVJRiFYxZulK7V91Vrw3AzP"}}, {"model": "checkout.order", "pk": 53, "fields": {"order_number": "DE57ACA8ECF64A948CD31A0A1D41DE60", "user_profile": 2, "full_name": "test", "email": "test@test.com", "phone_number": "554548484815", "country": "AT", "postcode": "215151", "town_or_city": "Alba", "street_address1": "ahdhd", "street_address2": "adhsfdhfhsa", "county": "Cork", "date": "2023-01-28T18:53:06.099Z", "delivery_cost": "0.00", "order_total": "110.99", "grand_total": "110.99", "original_bag": "{\"10\": 1}", "stripe_pid": "'pi_3MVJW8FYxZulK7V91Kgb6045"}}, {"model": "checkout.order", "pk": 54, "fields": {"order_number": "9C8DA4C39C24491DA2B8F5424688C5F7", "user_profile": 2, "full_name": "test", "email": "test@test.com", "phone_number": "554548484815", "country": "AT", "postcode": "215151", "town_or_city": "Alba", "street_address1": "ahdhd", "street_address2": "adhsfdhfhsa", "county": "Cork", "date": "2023-01-28T18:54:25.672Z", "delivery_cost": "3.50", "order_total": "35.00", "grand_total": "38.50", "original_bag": "{\"2\": 1}", "stripe_pid": "'pi_3MVJXNFYxZulK7V90IEBbVd2"}}, {"model": "checkout.order", "pk": 55, "fields": {"order_number": "E2183F971056468FBA6E6844DFE3786C", "user_profile": 2, "full_name": "Test", "email": "test@test.com", "phone_number": "554548484815", "country": "AT", "postcode": "215151", "town_or_city": "Alba", "street_address1": "ahdhd", "street_address2": "adhsfdhfhsa", "county": "Cork", "date": "2023-01-28T18:56:52.420Z", "delivery_cost": "2.05", "order_total": "20.50", "grand_total": "22.55", "original_bag": "{\"6\": 1}", "stripe_pid": "'pi_3MVJZmFYxZulK7V903sWG2pQ"}}, {"model": "checkout.order", "pk": 56, "fields": {"order_number": "58EE4F08BB764CF891A7C12D8F383C91", "user_profile": 2, "full_name": "Test", "email": "test@test.com", "phone_number": "554548484815", "country": "AT", "postcode": "215151", "town_or_city": "Alba", "street_address1": "ahdhd", "street_address2": "adhsfdhfhsa", "county": "Cork", "date": "2023-01-28T19:00:51.458Z", "delivery_cost": "0.60", "order_total": "5.99", "grand_total": "6.59", "original_bag": "{\"7\": 1}", "stripe_pid": "'pi_3MVJddFYxZulK7V91SzOL5hR"}}, {"model": "checkout.order", "pk": 57, "fields": {"order_number": "2D8E93E54AF449D893A2652946CC625D", "user_profile": 2, "full_name": "Test", "email": "test@test.com", "phone_number": "554548484815", "country": "AT", "postcode": "215151", "town_or_city": "Alba", "street_address1": "ahdhd", "street_address2": "adhsfdhfhsa", "county": "Cork", "date": "2023-01-28T19:02:06.251Z", "delivery_cost": "4.00", "order_total": "39.99", "grand_total": "43.99", "original_bag": "{\"5\": 1}", "stripe_pid": "'pi_3MVJewFYxZulK7V91Ld2Xmpg"}}, {"model": "checkout.order", "pk": 58, "fields": {"order_number": "FFEF1394DE1A4D54917EF5B28A1D2F1D", "user_profile": 2, "full_name": "Test", "email": "test@test.com", "phone_number": "554548484815", "country": "AT", "postcode": "215151", "town_or_city": "Alba", "street_address1": "ahdhd", "street_address2": "adhsfdhfhsa", "county": "Cork", "date": "2023-01-28T19:04:15.965Z", "delivery_cost": "0.00", "order_total": "125.00", "grand_total": "125.00", "original_bag": "{\"8\": 1}", "stripe_pid": "'pi_3MVJgwFYxZulK7V90TFwQv1C"}}, {"model": "checkout.order", "pk": 59, "fields": {"order_number": "E124F6C39DFA49ADBA527DC8AE20BE29", "user_profile": 2, "full_name": "Test", "email": "test@test.com", "phone_number": "554548484815", "country": "AT", "postcode": "215151", "town_or_city": "Alba", "street_address1": "ahdhd", "street_address2": "adhsfdhfhsa", "county": "Cork", "date": "2023-01-28T19:06:30.928Z", "delivery_cost": "4.00", "order_total": "39.99", "grand_total": "43.99", "original_bag": "{\"5\": 1}", "stripe_pid": "'pi_3MVJjCFYxZulK7V911aILJXs"}}, {"model": "checkout.order", "pk": 60, "fields": {"order_number": "DAD8648C2C8840B884353BD4A510E3E5", "user_profile": 2, "full_name": "Test", "email": "test@test.com", "phone_number": "554548484815", "country": "AT", "postcode": "215151", "town_or_city": "Alba", "street_address1": "ahdhd", "street_address2": "adhsfdhfhsa", "county": "Cork", "date": "2023-01-28T19:12:51.233Z", "delivery_cost": "0.00", "order_total": "50.00", "grand_total": "50.00", "original_bag": "{\"13\": 1}", "stripe_pid": "'pi_3MVJpKFYxZulK7V90WntQmdS"}}, {"model": "checkout.order", "pk": 61, "fields": {"order_number": "F878CB4EBCC84CD09A537310AC9D950B", "user_profile": 2, "full_name": "Test", "email": "test@test.com", "phone_number": "554548484815", "country": "AT", "postcode": "215151", "town_or_city": "Alba", "street_address1": "ahdhd", "street_address2": "adhsfdhfhsa", "county": "Cork", "date": "2023-01-28T19:14:05.831Z", "delivery_cost": "4.00", "order_total": "39.99", "grand_total": "43.99", "original_bag": "{\"5\": 1}", "stripe_pid": "'pi_3MVJqWFYxZulK7V90RAvEVtA"}}, {"model": "checkout.order", "pk": 62, "fields": {"order_number": "EC196DA8A1BF4122AB292CBD7149EEEC", "user_profile": 2, "full_name": "Test", "email": "test@test.com", "phone_number": "554548484815", "country": "AT", "postcode": "215151", "town_or_city": "Alba", "street_address1": "ahdhd", "street_address2": "adhsfdhfhsa", "county": "Cork", "date": "2023-01-28T19:14:11.672Z", "delivery_cost": "4.00", "order_total": "39.99", "grand_total": "43.99", "original_bag": "{\"5\": 1}", "stripe_pid": "pi_3MVJqWFYxZulK7V90RAvEVtA"}}, {"model": "checkout.order", "pk": 63, "fields": {"order_number": "D104F5C38F4B430E8F36BABDF7BAD921", "user_profile": 2, "full_name": "Test", "email": "test@test.com", "phone_number": "554548484815", "country": "AT", "postcode": "215151", "town_or_city": "Alba", "street_address1": "ahdhd", "street_address2": "adhsfdhfhsa", "county": "Cork", "date": "2023-01-28T19:34:13.271Z", "delivery_cost": "0.00", "order_total": "110.99", "grand_total": "110.99", "original_bag": "{\"10\": 1}", "stripe_pid": "'pi_3MVK9lFYxZulK7V91yrLQgVw"}}, {"model": "checkout.order", "pk": 64, "fields": {"order_number": "DA1C87C13E18474B8DA6AD18E163D248", "user_profile": 2, "full_name": "Test", "email": "test@test.com", "phone_number": "554548484815", "country": "AT", "postcode": "215151", "town_or_city": "Alba", "street_address1": "ahdhd", "street_address2": "adhsfdhfhsa", "county": "Cork", "date": "2023-01-28T19:34:19.193Z", "delivery_cost": "0.00", "order_total": "110.99", "grand_total": "110.99", "original_bag": "{\"10\": 1}", "stripe_pid": "pi_3MVK9lFYxZulK7V91yrLQgVw"}}, {"model": "checkout.order", "pk": 65, "fields": {"order_number": "7ADAF5E374F94860A07C4287CD7E8660", "user_profile": 2, "full_name": "Test", "email": "test@test.com", "phone_number": "554548484815", "country": "AT", "postcode": "215151", "town_or_city": "Alba", "street_address1": "ahdhd", "street_address2": "adhsfdhfhsa", "county": "Cork", "date": "2023-01-28T19:38:54.496Z", "delivery_cost": "2.05", "order_total": "20.50", "grand_total": "22.55", "original_bag": "{\"6\": 1}", "stripe_pid": "'pi_3MVKEYFYxZulK7V905CShqHQ"}}, {"model": "checkout.order", "pk": 66, "fields": {"order_number": "86007819A7F243F08D8959A99C75252C", "user_profile": 2, "full_name": "Test", "email": "test@test.com", "phone_number": "554548484815", "country": "AT", "postcode": "215151", "town_or_city": "Alba", "street_address1": "ahdhd", "street_address2": "adhsfdhfhsa", "county": "Cork", "date": "2023-01-28T19:39:00.399Z", "delivery_cost": "2.05", "order_total": "20.50", "grand_total": "22.55", "original_bag": "{\"6\": 1}", "stripe_pid": "pi_3MVKEYFYxZulK7V905CShqHQ"}}, {"model": "checkout.order", "pk": 67, "fields": {"order_number": "7C67FF801ABD40B683EE01634454EFED", "user_profile": 2, "full_name": "Test", "email": "test@test.com", "phone_number": "554548484815", "country": "AT", "postcode": "215151", "town_or_city": "Alba", "street_address1": "ahdhd", "street_address2": "adhsfdhfhsa", "county": "Cork", "date": "2023-01-28T20:13:56.996Z", "delivery_cost": "0.00", "order_total": "50.00", "grand_total": "50.00", "original_bag": "{\"13\": 1}", "stripe_pid": "pi_3MVJpKFYxZulK7V90WntQmdS"}}, {"model": "checkout.order", "pk": 68, "fields": {"order_number": "6D99D6F4E66F44AA9B74CB0398D7F64A", "user_profile": null, "full_name": "Nicolas Cagna", "email": "test@test.com", "phone_number": "+353 83 483 6878", "country": "AW", "postcode": "215151", "town_or_city": "Alba", "street_address1": "ahdhd", "street_address2": "adhsfdhfhsa", "county": "Cork", "date": "2023-01-29T11:15:49.510Z", "delivery_cost": "4.00", "order_total": "39.99", "grand_total": "43.99", "original_bag": "{\"5\": 1}", "stripe_pid": "'pi_3MVYr4FYxZulK7V90zBVAC2U"}}, {"model": "checkout.order", "pk": 69, "fields": {"order_number": "1051EA73E5D74C77BBA4D675B98ACECB", "user_profile": 2, "full_name": "test", "email": "test@test.com", "phone_number": "554548484815", "country": "AT", "postcode": "215151", "town_or_city": "Alba", "street_address1": "ahdhd", "street_address2": "adhsfdhfhsa", "county": "Cork", "date": "2023-01-29T11:39:18.261Z", "delivery_cost": "4.00", "order_total": "39.99", "grand_total": "43.99", "original_bag": "{\"5\": 1}", "stripe_pid": "'pi_3MVZDyFYxZulK7V91Madk2Jq"}}, {"model": "checkout.order", "pk": 70, "fields": {"order_number": "F22F092E56BA4ABA87ED704FAC3537AE", "user_profile": 2, "full_name": "test", "email": "test@test.com", "phone_number": "554548484815", "country": "AT", "postcode": "215151", "town_or_city": "Alba", "street_address1": "ahdhd", "street_address2": "adhsfdhfhsa", "county": "Cork", "date": "2023-01-29T11:44:02.744Z", "delivery_cost": "0.60", "order_total": "6.00", "grand_total": "6.60", "original_bag": "{\"1\": 1}", "stripe_pid": "'pi_3MVZIZFYxZulK7V91eoNzMlW"}}, {"model": "checkout.order", "pk": 71, "fields": {"order_number": "5F9B4ECD4E31437CBAFEC0DD4FF5E1E5", "user_profile": 2, "full_name": "test", "email": "test@test.com", "phone_number": "554548484815", "country": "AT", "postcode": "215151", "town_or_city": "Alba", "street_address1": "ahdhd", "street_address2": "adhsfdhfhsa", "county": "Cork", "date": "2023-01-29T11:44:08.409Z", "delivery_cost": "0.60", "order_total": "6.00", "grand_total": "6.60", "original_bag": "{\"1\": 1}", "stripe_pid": "pi_3MVZIZFYxZulK7V91eoNzMlW"}}, {"model": "checkout.order", "pk": 72, "fields": {"order_number": "EDC7CF1B6B5D4992A047F60422E4F085", "user_profile": 2, "full_name": "test", "email": "test@test.com", "phone_number": "554548484815", "country": "AT", "postcode": "215151", "town_or_city": "Alba", "street_address1": "ahdhd", "street_address2": "adhsfdhfhsa", "county": "Cork", "date": "2023-01-29T11:48:19.907Z", "delivery_cost": "4.00", "order_total": "39.99", "grand_total": "43.99", "original_bag": "{\"5\": 1}", "stripe_pid": "'pi_3MVZMhFYxZulK7V90A5X9QhQ"}}, {"model": "checkout.order", "pk": 73, "fields": {"order_number": "43ED0190464D459ABBDCBC68D7928F36", "user_profile": 2, "full_name": "test", "email": "test@test.com", "phone_number": "554548484815", "country": "AT", "postcode": "215151", "town_or_city": "Alba", "street_address1": "ahdhd", "street_address2": "adhsfdhfhsa", "county": "Cork", "date": "2023-01-29T11:48:25.791Z", "delivery_cost": "4.00", "order_total": "39.99", "grand_total": "43.99", "original_bag": "{\"5\": 1}", "stripe_pid": "pi_3MVZMhFYxZulK7V90A5X9QhQ"}}, {"model": "checkout.order", "pk": 74, "fields": {"order_number": "07B55F4931D24D1B87AB0574C2337B3C", "user_profile": 2, "full_name": "test", "email": "test@test.com", "phone_number": "554548484815", "country": "AT", "postcode": "215151", "town_or_city": "Alba", "street_address1": "ahdhd", "street_address2": "adhsfdhfhsa", "county": "Cork", "date": "2023-01-29T11:51:22.947Z", "delivery_cost": "0.00", "order_total": "65.50", "grand_total": "65.50", "original_bag": "{\"12\": 1}", "stripe_pid": "'pi_3MVZPXFYxZulK7V90VPsl2XN"}}, {"model": "checkout.order", "pk": 75, "fields": {"order_number": "08BD3C1E866D4D51ACF501054B335ABD", "user_profile": 2, "full_name": "test", "email": "test@test.com", "phone_number": "554548484815", "country": "AT", "postcode": "215151", "town_or_city": "Alba", "street_address1": "ahdhd", "street_address2": "adhsfdhfhsa", "county": "Cork", "date": "2023-01-29T11:51:28.611Z", "delivery_cost": "0.00", "order_total": "65.50", "grand_total": "65.50", "original_bag": "{\"12\": 1}", "stripe_pid": "pi_3MVZPXFYxZulK7V90VPsl2XN"}}, {"model": "checkout.order", "pk": 76, "fields": {"order_number": "D8045903F67A42F0976FE749607EFA2F", "user_profile": 2, "full_name": "Nicolas", "email": "test@test.com", "phone_number": "554548484815", "country": "AT", "postcode": "215151", "town_or_city": "Alba", "street_address1": "ahdhd", "street_address2": "adhsfdhfhsa", "county": "Cork", "date": "2023-01-29T11:55:34.294Z", "delivery_cost": "0.00", "order_total": "110.99", "grand_total": "110.99", "original_bag": "{\"10\": 1}", "stripe_pid": "'pi_3MVZTeFYxZulK7V913OVTPhj"}}, {"model": "checkout.order", "pk": 77, "fields": {"order_number": "BD73156A16634681BF9EA03803B4D236", "user_profile": 2, "full_name": "Nicolas", "email": "test@test.com", "phone_number": "554548484815", "country": "AT", "postcode": "215151", "town_or_city": "Alba", "street_address1": "ahdhd", "street_address2": "adhsfdhfhsa", "county": "Cork", "date": "2023-01-29T11:55:40.056Z", "delivery_cost": "0.00", "order_total": "110.99", "grand_total": "110.99", "original_bag": "{\"10\": 1}", "stripe_pid": "pi_3MVZTeFYxZulK7V913OVTPhj"}}, {"model": "checkout.order", "pk": 78, "fields": {"order_number": "BE8D2F6CD44C461B888FF47831BA2477", "user_profile": null, "full_name": "Nicolas Cagna", "email": "test@test.com", "phone_number": "+353 83 483 6878", "country": "AW", "postcode": "215151", "town_or_city": "Alba", "street_address1": "ahdhd", "street_address2": "adhsfdhfhsa", "county": "Cork", "date": "2023-01-29T12:16:05.349Z", "delivery_cost": "4.00", "order_total": "39.99", "grand_total": "43.99", "original_bag": "{\"5\": 1}", "stripe_pid": "pi_3MVYr4FYxZulK7V90zBVAC2U"}}, {"model": "checkout.order", "pk": 79, "fields": {"order_number": "3913390A7C8A4B44B38AA264F7F7795A", "user_profile": 2, "full_name": "test", "email": "test@test.com", "phone_number": "554548484815", "country": "AT", "postcode": "215151", "town_or_city": "Alba", "street_address1": "ahdhd", "street_address2": "adhsfdhfhsa", "county": "Cork", "date": "2023-01-29T14:38:14.951Z", "delivery_cost": "4.00", "order_total": "39.99", "grand_total": "43.99", "original_bag": "{\"5\": 1}", "stripe_pid": "pi_3MVZDyFYxZulK7V91Madk2Jq"}}, {"model": "checkout.orderlineitem", "pk": 1, "fields": {"order": 1, "product": 10, "product_size": null, "quantity": 1, "lineitem_total": "110.99"}}, {"model": "checkout.orderlineitem", "pk": 2, "fields": {"order": 1, "product": 11, "product_size": null, "quantity": 1, "lineitem_total": "55.99"}}, {"model": "checkout.orderlineitem", "pk": 3, "fields": {"order": 2, "product": 10, "product_size": null, "quantity": 1, "lineitem_total": "110.99"}}, {"model": "checkout.orderlineitem", "pk": 5, "fields": {"order": 3, "product": 2, "product_size": null, "quantity": 1, "lineitem_total": "35.00"}}, {"model": "checkout.orderlineitem", "pk": 6, "fields": {"order": 4, "product": 10, "product_size": null, "quantity": 1, "lineitem_total": "110.99"}}, {"model": "checkout.orderlineitem", "pk": 7, "fields": {"order": 5, "product": 6, "product_size": null, "quantity": 1, "lineitem_total": "20.50"}}, {"model": "checkout.orderlineitem", "pk": 8, "fields": {"order": 6, "product": 5, "product_size": null, "quantity": 1, "lineitem_total": "39.99"}}, {"model": "checkout.orderlineitem", "pk": 9, "fields": {"order": 7, "product": 2, "product_size": null, "quantity": 1, "lineitem_total": "35.00"}}, {"model": "checkout.orderlineitem", "pk": 10, "fields": {"order": 8, "product": 3, "product_size": null, "quantity": 1, "lineitem_total": "15.00"}}, {"model": "checkout.orderlineitem", "pk": 11, "fields": {"order": 8, "product": 9, "product_size": null, "quantity": 1, "lineitem_total": "39.99"}}, {"model": "checkout.orderlineitem", "pk": 12, "fields": {"order": 9, "product": 15, "product_size": null, "quantity": 1, "lineitem_total": "450.99"}}, {"model": "checkout.orderlineitem", "pk": 13, "fields": {"order": 10, "product": 11, "product_size": null, "quantity": 1, "lineitem_total": "55.99"}}, {"model": "checkout.orderlineitem", "pk": 14, "fields": {"order": 11, "product": 2, "product_size": null, "quantity": 1, "lineitem_total": "35.00"}}, {"model": "checkout.orderlineitem", "pk": 15, "fields": {"order": 12, "product": 3, "product_size": null, "quantity": 1, "lineitem_total": "15.00"}}, {"model": "checkout.orderlineitem", "pk": 16, "fields": {"order": 13, "product": 3, "product_size": null, "quantity": 1, "lineitem_total": "15.00"}}, {"model": "checkout.orderlineitem", "pk": 17, "fields": {"order": 14, "product": 5, "product_size": null, "quantity": 1, "lineitem_total": "39.99"}}, {"model": "checkout.orderlineitem", "pk": 18, "fields": {"order": 15, "product": 5, "product_size": null, "quantity": 1, "lineitem_total": "39.99"}}, {"model": "checkout.orderlineitem", "pk": 19, "fields": {"order": 16, "product": 1, "product_size": null, "quantity": 1, "lineitem_total": "6.00"}}, {"model": "checkout.orderlineitem", "pk": 20, "fields": {"order": 17, "product": 1, "product_size": null, "quantity": 1, "lineitem_total": "6.00"}}, {"model": "checkout.orderlineitem", "pk": 21, "fields": {"order": 18, "product": 1, "product_size": null, "quantity": 1, "lineitem_total": "6.00"}}, {"model": "checkout.orderlineitem", "pk": 22, "fields": {"order": 18, "product": 7, "product_size": null, "quantity": 5, "lineitem_total": "29.95"}}, {"model": "checkout.orderlineitem", "pk": 23, "fields": {"order": 18, "product": 8, "product_size": null, "quantity": 1, "lineitem_total": "125.00"}}, {"model": "checkout.orderlineitem", "pk": 24, "fields": {"order": 19, "product": 1, "product_size": null, "quantity": 1, "lineitem_total": "6.00"}}, {"model": "checkout.orderlineitem", "pk": 25, "fields": {"order": 19, "product": 7, "product_size": null, "quantity": 5, "lineitem_total": "29.95"}}, {"model": "checkout.orderlineitem", "pk": 26, "fields": {"order": 19, "product": 8, "product_size": null, "quantity": 1, "lineitem_total": "125.00"}}, {"model": "checkout.orderlineitem", "pk": 27, "fields": {"order": 20, "product": 10, "product_size": null, "quantity": 1, "lineitem_total": "110.99"}}, {"model": "checkout.orderlineitem", "pk": 28, "fields": {"order": 21, "product": 10, "product_size": null, "quantity": 1, "lineitem_total": "110.99"}}, {"model": "checkout.orderlineitem", "pk": 29, "fields": {"order": 22, "product": 16, "product_size": null, "quantity": 1, "lineitem_total": "999.00"}}, {"model": "checkout.orderlineitem", "pk": 30, "fields": {"order": 23, "product": 16, "product_size": null, "quantity": 1, "lineitem_total": "999.00"}}, {"model": "checkout.orderlineitem", "pk": 31, "fields": {"order": 24, "product": 4, "product_size": null, "quantity": 1, "lineitem_total": "12.00"}}, {"model": "checkout.orderlineitem", "pk": 32, "fields": {"order": 25, "product": 4, "product_size": null, "quantity": 1, "lineitem_total": "12.00"}}, {"model": "checkout.orderlineitem", "pk": 33, "fields": {"order": 26, "product": 1, "product_size": null, "quantity": 1, "lineitem_total": "6.00"}}, {"model": "checkout.orderlineitem", "pk": 34, "fields": {"order": 27, "product": 10, "product_size": null, "quantity": 1, "lineitem_total": "110.99"}}, {"model": "checkout.orderlineitem", "pk": 35, "fields": {"order": 28, "product": 2, "product_size": null, "quantity": 1, "lineitem_total": "35.00"}}, {"model": "checkout.orderlineitem", "pk": 36, "fields": {"order": 29, "product": 2, "product_size": null, "quantity": 1, "lineitem_total": "35.00"}}, {"model": "checkout.orderlineitem", "pk": 37, "fields": {"order": 30, "product": 2, "product_size": null, "quantity": 1, "lineitem_total": "35.00"}}, {"model": "checkout.orderlineitem", "pk": 38, "fields": {"order": 31, "product": 13, "product_size": null, "quantity": 5, "lineitem_total": "250.00"}}, {"model": "checkout.orderlineitem", "pk": 39, "fields": {"order": 32, "product": 5, "product_size": null, "quantity": 1, "lineitem_total": "39.99"}}, {"model": "checkout.orderlineitem", "pk": 40, "fields": {"order": 33, "product": 2, "product_size": null, "quantity": 1, "lineitem_total": "35.00"}}, {"model": "checkout.orderlineitem", "pk": 41, "fields": {"order": 34, "product": 5, "product_size": null, "quantity": 1, "lineitem_total": "39.99"}}, {"model": "checkout.orderlineitem", "pk": 42, "fields": {"order": 35, "product": 5, "product_size": null, "quantity": 1, "lineitem_total": "39.99"}}, {"model": "checkout.orderlineitem", "pk": 43, "fields": {"order": 36, "product": 11, "product_size": null, "quantity": 1, "lineitem_total": "55.99"}}, {"model": "checkout.orderlineitem", "pk": 44, "fields": {"order": 37, "product": 11, "product_size": null, "quantity": 1, "lineitem_total": "55.99"}}, {"model": "checkout.orderlineitem", "pk": 45, "fields": {"order": 38, "product": 3, "product_size": null, "quantity": 1, "lineitem_total": "15.00"}}, {"model": "checkout.orderlineitem", "pk": 46, "fields": {"order": 39, "product": 3, "product_size": null, "quantity": 1, "lineitem_total": "15.00"}}, {"model": "checkout.orderlineitem", "pk": 47, "fields": {"order": 40, "product": 12, "product_size": null, "quantity": 1, "lineitem_total": "65.50"}}, {"model": "checkout.orderlineitem", "pk": 48, "fields": {"order": 41, "product": 12, "product_size": null, "quantity": 1, "lineitem_total": "65.50"}}, {"model": "checkout.orderlineitem", "pk": 49, "fields": {"order": 42, "product": 3, "product_size": null, "quantity": 1, "lineitem_total": "15.00"}}, {"model": "checkout.orderlineitem", "pk": 50, "fields": {"order": 43, "product": 6, "product_size": null, "quantity": 1, "lineitem_total": "20.50"}}, {"model": "checkout.orderlineitem", "pk": 51, "fields": {"order": 44, "product": 2, "product_size": null, "quantity": 1, "lineitem_total": "35.00"}}, {"model": "checkout.orderlineitem", "pk": 52, "fields": {"order": 45, "product": 16, "product_size": null, "quantity": 1, "lineitem_total": "999.00"}}, {"model": "checkout.orderlineitem", "pk": 53, "fields": {"order": 46, "product": 7, "product_size": null, "quantity": 3, "lineitem_total": "17.97"}}, {"model": "checkout.orderlineitem", "pk": 54, "fields": {"order": 47, "product": 7, "product_size": null, "quantity": 1, "lineitem_total": "5.99"}}, {"model": "checkout.orderlineitem", "pk": 55, "fields": {"order": 48, "product": 7, "product_size": null, "quantity": 1, "lineitem_total": "5.99"}}, {"model": "checkout.orderlineitem", "pk": 56, "fields": {"order": 49, "product": 1, "product_size": null, "quantity": 1, "lineitem_total": "6.00"}}, {"model": "checkout.orderlineitem", "pk": 57, "fields": {"order": 50, "product": 14, "product_size": null, "quantity": 1, "lineitem_total": "45.50"}}, {"model": "checkout.orderlineitem", "pk": 58, "fields": {"order": 51, "product": 14, "product_size": null, "quantity": 1, "lineitem_total": "45.50"}}, {"model": "checkout.orderlineitem", "pk": 59, "fields": {"order": 52, "product": 7, "product_size": null, "quantity": 1, "lineitem_total": "5.99"}}, {"model": "checkout.orderlineitem", "pk": 60, "fields": {"order": 53, "product": 10, "product_size": null, "quantity": 1, "lineitem_total": "110.99"}}, {"model": "checkout.orderlineitem", "pk": 61, "fields": {"order": 54, "product": 2, "product_size": null, "quantity": 1, "lineitem_total": "35.00"}}, {"model": "checkout.orderlineitem", "pk": 62, "fields": {"order": 55, "product": 6, "product_size": null, "quantity": 1, "lineitem_total": "20.50"}}, {"model": "checkout.orderlineitem", "pk": 63, "fields": {"order": 56, "product": 7, "product_size": null, "quantity": 1, "lineitem_total": "5.99"}}, {"model": "checkout.orderlineitem", "pk": 64, "fields": {"order": 57, "product": 5, "product_size": null, "quantity": 1, "lineitem_total": "39.99"}}, {"model": "checkout.orderlineitem", "pk": 65, "fields": {"order": 58, "product": 8, "product_size": null, "quantity": 1, "lineitem_total": "125.00"}}, {"model": "checkout.orderlineitem", "pk": 66, "fields": {"order": 59, "product": 5, "product_size": null, "quantity": 1, "lineitem_total": "39.99"}}, {"model": "checkout.orderlineitem", "pk": 67, "fields": {"order": 60, "product": 13, "product_size": null, "quantity": 1, "lineitem_total": "50.00"}}, {"model": "checkout.orderlineitem", "pk": 68, "fields": {"order": 61, "product": 5, "product_size": null, "quantity": 1, "lineitem_total": "39.99"}}, {"model": "checkout.orderlineitem", "pk": 69, "fields": {"order": 62, "product": 5, "product_size": null, "quantity": 1, "lineitem_total": "39.99"}}, {"model": "checkout.orderlineitem", "pk": 70, "fields": {"order": 63, "product": 10, "product_size": null, "quantity": 1, "lineitem_total": "110.99"}}, {"model": "checkout.orderlineitem", "pk": 71, "fields": {"order": 64, "product": 10, "product_size": null, "quantity": 1, "lineitem_total": "110.99"}}, {"model": "checkout.orderlineitem", "pk": 72, "fields": {"order": 65, "product": 6, "product_size": null, "quantity": 1, "lineitem_total": "20.50"}}, {"model": "checkout.orderlineitem", "pk": 73, "fields": {"order": 66, "product": 6, "product_size": null, "quantity": 1, "lineitem_total": "20.50"}}, {"model": "checkout.orderlineitem", "pk": 74, "fields": {"order": 67, "product": 13, "product_size": null, "quantity": 1, "lineitem_total": "50.00"}}, {"model": "checkout.orderlineitem", "pk": 75, "fields": {"order": 68, "product": 5, "product_size": null, "quantity": 1, "lineitem_total": "39.99"}}, {"model": "checkout.orderlineitem", "pk": 76, "fields": {"order": 69, "product": 5, "product_size": null, "quantity": 1, "lineitem_total": "39.99"}}, {"model": "checkout.orderlineitem", "pk": 77, "fields": {"order": 70, "product": 1, "product_size": null, "quantity": 1, "lineitem_total": "6.00"}}, {"model": "checkout.orderlineitem", "pk": 78, "fields": {"order": 71, "product": 1, "product_size": null, "quantity": 1, "lineitem_total": "6.00"}}, {"model": "checkout.orderlineitem", "pk": 79, "fields": {"order": 72, "product": 5, "product_size": null, "quantity": 1, "lineitem_total": "39.99"}}, {"model": "checkout.orderlineitem", "pk": 80, "fields": {"order": 73, "product": 5, "product_size": null, "quantity": 1, "lineitem_total": "39.99"}}, {"model": "checkout.orderlineitem", "pk": 81, "fields": {"order": 74, "product": 12, "product_size": null, "quantity": 1, "lineitem_total": "65.50"}}, {"model": "checkout.orderlineitem", "pk": 82, "fields": {"order": 75, "product": 12, "product_size": null, "quantity": 1, "lineitem_total": "65.50"}}, {"model": "checkout.orderlineitem", "pk": 83, "fields": {"order": 76, "product": 10, "product_size": null, "quantity": 1, "lineitem_total": "110.99"}}, {"model": "checkout.orderlineitem", "pk": 84, "fields": {"order": 77, "product": 10, "product_size": null, "quantity": 1, "lineitem_total": "110.99"}}, {"model": "checkout.orderlineitem", "pk": 85, "fields": {"order": 78, "product": 5, "product_size": null, "quantity": 1, "lineitem_total": "39.99"}}, {"model": "checkout.orderlineitem", "pk": 86, "fields": {"order": 79, "product": 5, "product_size": null, "quantity": 1, "lineitem_total": "39.99"}}, {"model": "profiles.userprofile", "pk": 1, "fields": {"user": 2, "default_phone_number": null, "default_country": null, "default_postcode": null, "default_town_or_city": null, "default_street_address1": null, "default_street_address2": null, "default_county": null}}, {"model": "profiles.userprofile", "pk": 2, "fields": {"user": 3, "default_phone_number": "554548484815", "default_country": "AT", "default_postcode": "215151", "default_town_or_city": "Alba", "default_street_address1": "ahdhd", "default_street_address2": "adhsfdhfhsa", "default_county": "Cork"}}, {"model": "blog.post", "pk": 1, "fields": {"title": "Protein Powder", "slug": "why-are-the-powder-proteins-importan", "author": 2, "updated_on": "2023-01-29T16:28:25.796Z", "content": "<p class=\"MsoNormal\">Protein powder is a popular supplement that is used by many\r\npeople to help them meet their daily protein needs. Protein is an essential\r\nnutrient that plays a crucial role in maintaining and repairing the body's\r\ntissues, as well as helping to build and maintain muscle mass. In this blog\r\npost, we will discuss the benefits of using protein powder and some tips for\r\nincorporating it into your diet.<o:p></o:p></p>\r\n\r\n<p class=\"MsoNormal\">Protein is an essential nutrient that is required for growth\r\nand repair of the body's tissues, as well as for the production of hormones and\r\nenzymes. It is also important for maintaining a healthy immune system and for\r\nhelping to build and maintain muscle mass. Many people, especially athletes and\r\nbodybuilders, use protein powder as a way to increase their daily protein\r\nintake in order to support muscle growth and recovery.<o:p></o:p></p>\r\n\r\n<p class=\"MsoNormal\">One of the main benefits of using protein powder is that it\r\nis an easy and convenient way to increase your daily protein intake. Protein\r\npowder can be easily added to shakes, smoothies, and other foods, making it\r\neasy to consume even on the go. Additionally, protein powder is often low in\r\nfat and carbohydrates, making it a good option for people who are trying to\r\nlose weight or maintain a healthy body composition.<o:p></o:p></p>\r\n\r\n<p class=\"MsoNormal\">Another benefit of protein powder is that it can help to\r\nsupport muscle recovery and growth. When you exercise, your muscles are broken\r\ndown, and protein is required to repair and rebuild them. By consuming protein\r\npowder before or after a workout, you can help to support your body's ability\r\nto repair and rebuild muscle tissue, which can lead to improved muscle strength\r\nand size over time.<o:p></o:p></p>\r\n\r\n<p class=\"MsoNormal\">When it comes to selecting a protein powder, there are many\r\noptions available, including whey, casein, soy, and pea protein. Each type of\r\nprotein powder has its own unique properties and benefits, so it is important\r\nto do your research and choose the one that is best for your individual needs.\r\nIn general, whey protein is a good choice for post-workout recovery, while\r\ncasein protein is a slow-digesting option that can help to keep you feeling\r\nfull and satisfied throughout the day.<o:p></o:p></p>\r\n\r\n<p class=\"MsoNormal\">In conclusion, protein powder is a convenient and effective\r\nway to increase your daily protein intake, support muscle recovery and growth,\r\nand improve your overall health and wellness. Whether you are an athlete or\r\nbodybuilder, or simply looking for a convenient way to increase your protein\r\nintake, protein powder can be a valuable addition to your diet.<o:p></o:p></p>", "created_on": "2023-01-29T14:49:48.722Z", "status": 1, "featured_image": "2.27kg_WHEY_VANILLA_WEBSITE_900x.progressive.webp", "likes": [2]}}, {"model": "blog.post", "pk": 2, "fields": {"title": "Weight Training Benefits", "slug": "weight-training-benefits", "author": 2, "updated_on": "2023-01-29T18:41:21.211Z", "content": "<p class=\"MsoNormal\">Weight training is a form of exercise that uses resistance\r\nto build muscle strength and endurance. There are many benefits to\r\nincorporating weight training into your workout routine, including:</p><p class=\"MsoNormal\">Increased muscle mass: As you lift weights, your muscles are\r\nexposed to stress and must adapt by growing stronger. This can lead to an\r\nincrease in muscle mass, which can improve your overall body composition.</p><p class=\"MsoNormal\">Improved bone density: Weight training can help to increase\r\nbone density, which can reduce the risk of osteoporosis.Increased strength: Weight training can lead to a\r\nsignificant increase in muscle strength, which can improve your ability to\r\nperform everyday tasks and activities.Improved cardiovascular health: Weight training can also\r\nimprove cardiovascular health by increasing heart and lung function, and\r\nreducing the risk of heart disease.</p><p class=\"MsoNormal\">Better balance and coordination: Weight training can help to\r\nimprove balance and coordination, which can reduce the risk of falls and\r\ninjuries.</p><p class=\"MsoNormal\">Increased metabolism: Weight training can increase your\r\nmetabolism, which can help you burn more calories even at rest. Reduced stress and anxiety: Weight training can also have a\r\npositive impact on mental health, reducing stress and anxiety.&nbsp;</p><p>\r\n\r\n\r\n\r\n\r\n\r\n\r\n\r\n\r\n\r\n\r\n\r\n\r\n\r\n\r\n\r\n\r\n\r\n\r\n\r\n\r\n\r\n\r\n\r\n\r\n\r\n\r\n\r\n\r\n\r\n\r\n\r\n</p><p class=\"MsoNormal\">It's important to note that weight training should be done\r\nwith proper form and technique, and that it should be combined with a balanced\r\ndiet and cardio exercises for best results. Consult a professional trainer or\r\nphysical therapist before starting a weight training program if you have any\r\nhealth concerns or if you are new to weight training.<o:p></o:p></p>", "created_on": "2023-01-29T16:47:48.208Z", "status": 1, "featured_image": "weightlifting-exercises-for-beginners-front.jpg", "likes": [2]}}, {"model": "blog.comment", "pk": 1, "fields": {"post": 1, "name": "admin", "email": "nicolascagna@hotmail.com", "body": "Hi, very interesting blog", "created_on": "2023-01-29T15:18:17.458Z", "approved": true}}, {"model": "blog.comment", "pk": 2, "fields": {"post": 1, "name": "admin", "email": "nicolascagna@hotmail.com", "body": "Hi, very interesting blog", "created_on": "2023-01-29T15:20:58.901Z", "approved": true}}, {"model": "blog.comment", "pk": 3, "fields": {"post": 2, "name": "admin", "email": "nicolascagna@hotmail.com", "body": "Hello, this is a test comment", "created_on": "2023-01-29T18:53:41.961Z", "approved": false}}, {"model": "contact.contact", "pk": 1, "fields": {"name": "Nicolas Cagna", "subject": "Test", "email": "Test@test.com", "body": "Test", "created_on": "2023-01-29T19:14:15.347Z"}}, {"model": "contact.contact", "pk": 2, "fields": {"name": "Test", "subject": "test", "email": "test@test.com", "body": "Test", "created_on": "2023-01-29T19:15:13.371Z"}}, {"model": "workout.plan", "pk": 1, "fields": {"first_name": "Nicolas", "last_name": "Cagna", "email_address": "nicolascagna@hotmail.com", "phone_number": "554548484815", "your_goal": "", "plan_type": "Home"}}, {"model": "workout.plan", "pk": 2, "fields": {"first_name": "Nicolas", "last_name": "Cagna", "email_address": "nicolascagna@hotmail.com", "phone_number": "554548484815", "your_goal": "", "plan_type": "Gym"}}, {"model": "workout.plan", "pk": 3, "fields": {"first_name": "Nicolas", "last_name": "Cagna", "email_address": "nicolascagna@hotmail.com", "phone_number": "554548484815", "your_goal": "I would like to loose weight", "plan_type": "Gym"}}]